,account,date,text,compound,positive,neutral,negative
0,BBC,Sun Jan 14 20:15:03 +0000 2018,Britain is the only place in the world with a medieval Coronation ceremony. ?? #TheCoronation https://t.co/WJfENrXnu3,0.0,0.0,1.0,0.0
1,BBC,Sun Jan 14 20:00:09 +0000 2018,"Long nights, snowshoes and a broken down boat... 

??? This is what it was really like filming #BigCats.… https://t.co/Ot9oNcEwkI",-0.079,0.128,0.731,0.142
2,BBC,Sun Jan 14 19:30:08 +0000 2018,"Ten times pop culture romanticised sexual harassment. 

And maybe you didn't even notice it...… https://t.co/P28RPwXaNK",-0.2023,0.141,0.677,0.182
3,BBC,Sun Jan 14 19:00:07 +0000 2018,"No sympathy from the camera operator at all. ?
https://t.co/cQF64ofzMz",0.0772,0.214,0.598,0.188
4,BBC,Sun Jan 14 18:33:04 +0000 2018,"On the 65th anniversary of the Coronation, the Queen shares her memories of the ceremony. ?

#TheCoronation | 8pm |… https://t.co/E9PmcZEnsf",0.296,0.109,0.891,0.0
5,BBC,Sun Jan 14 18:00:06 +0000 2018,??? Could one of the toughest cycling races bring unity to Colombia? https://t.co/VRRzqjLWMa,-0.0772,0.0,0.902,0.098
6,BBC,Sun Jan 14 17:30:08 +0000 2018,"Rusty spotted cats are super rare, super small and super adorable. ?

#BigCats https://t.co/PgIC5WfdaJ",0.9423,0.623,0.377,0.0
7,BBC,Sun Jan 14 17:02:03 +0000 2018,"Remember when Jay-Z had a legal showdown with a restaurant in Newcastle?! ??

Here are 6 of the strangest lawsuits… https://t.co/PwwpuXxHrZ",0.2003,0.095,0.905,0.0
8,BBC,Sun Jan 14 16:30:09 +0000 2018,"? @IanMcKellen stars as a retired Sherlock Holmes who is haunted by a final case.

#MrHolmes | 6:20pm | @BBCTwo |… https://t.co/iTfz9A9NfS",-0.4767,0.0,0.838,0.162
9,BBC,Sun Jan 14 16:00:06 +0000 2018,"In Greenland, you can find a shark that could live for hundreds of years. ?? https://t.co/kc08HclHef",0.0,0.0,1.0,0.0
10,BBC,Sun Jan 14 15:00:10 +0000 2018,A @NASA telescope has yielded important insights into how stars are born from collapsing gas and dust.… https://t.co/Ag4bp18ZG0,-0.1027,0.095,0.789,0.116
11,BBC,Sun Jan 14 14:00:04 +0000 2018,"While parts of the US &amp; Canada felt as cold as -67C recently, Australia is experiencing its hottest weather in 79 y… https://t.co/mtrZUhzthy",0.0,0.0,1.0,0.0
12,BBC,Sun Jan 14 13:26:03 +0000 2018,"? Thrillers, comedy and foreign drama.

? @BBC_Culture rounds up the most exciting programmes on the small screen o… https://t.co/DpxgDUIyij",0.7264,0.321,0.679,0.0
13,BBC,Sun Jan 14 13:03:04 +0000 2018,"Nominations for the BBC Food and Farming Awards 2018 are now open! ??

If there’s a producer, cook, retailer or ini… https://t.co/mkDAtLcc3R",0.5093,0.141,0.859,0.0
14,BBC,Sun Jan 14 12:30:07 +0000 2018,YouTube has decided to cut ties with vlogger Logan Paul over his Japan suicide video. https://t.co/zE0vEGoLkK https://t.co/rzGMXlKv0s,-0.765,0.0,0.694,0.306
15,BBC,Sun Jan 14 12:00:07 +0000 2018,"Ever wondered how mayonnaise is made? 

Take a peek #InsideTheFactory. https://t.co/laIJyyTO5Q",0.0,0.0,1.0,0.0
16,BBC,Sun Jan 14 11:30:09 +0000 2018,Snow has fallen in the Sahara desert. ?? https://t.co/804PRapagA https://t.co/g3lQIY7l9O,-0.3612,0.0,0.783,0.217
17,BBC,Sun Jan 14 11:18:04 +0000 2018,"RT @bbcmusic: Happy Birthday Dave Grohl! ???

HOW GREAT was the @FooFighters AC/DC cover in @BBCR1's Live Lounge??
Watch ? https://t.co/4lk…",0.8803,0.338,0.662,0.0
18,BBC,Sun Jan 14 11:03:03 +0000 2018,??? Here's what the weather looked like around the world this week. ?  https://t.co/TTYG5JmFJ1 https://t.co/l9vs9T9J9A,0.3612,0.161,0.839,0.0
19,BBC,Sun Jan 14 10:42:37 +0000 2018,"RT @BBCRadio4: ? Let this joyous birdsong ease you into your Sunday morning...
https://t.co/t8HCfaDl7X",0.8113,0.401,0.599,0.0
20,BBC,Sun Jan 14 20:15:03 +0000 2018,Britain is the only place in the world with a medieval Coronation ceremony. ?? #TheCoronation https://t.co/WJfENrXnu3,0.0,0.0,1.0,0.0
21,BBC,Sun Jan 14 20:00:09 +0000 2018,"Long nights, snowshoes and a broken down boat... 

??? This is what it was really like filming #BigCats.… https://t.co/Ot9oNcEwkI",-0.079,0.128,0.731,0.142
22,BBC,Sun Jan 14 19:30:08 +0000 2018,"Ten times pop culture romanticised sexual harassment. 

And maybe you didn't even notice it...… https://t.co/P28RPwXaNK",-0.2023,0.141,0.677,0.182
23,BBC,Sun Jan 14 19:00:07 +0000 2018,"No sympathy from the camera operator at all. ?
https://t.co/cQF64ofzMz",0.0772,0.214,0.598,0.188
24,BBC,Sun Jan 14 18:33:04 +0000 2018,"On the 65th anniversary of the Coronation, the Queen shares her memories of the ceremony. ?

#TheCoronation | 8pm |… https://t.co/E9PmcZEnsf",0.296,0.109,0.891,0.0
25,BBC,Sun Jan 14 18:00:06 +0000 2018,??? Could one of the toughest cycling races bring unity to Colombia? https://t.co/VRRzqjLWMa,-0.0772,0.0,0.902,0.098
26,BBC,Sun Jan 14 17:30:08 +0000 2018,"Rusty spotted cats are super rare, super small and super adorable. ?

#BigCats https://t.co/PgIC5WfdaJ",0.9423,0.623,0.377,0.0
27,BBC,Sun Jan 14 17:02:03 +0000 2018,"Remember when Jay-Z had a legal showdown with a restaurant in Newcastle?! ??

Here are 6 of the strangest lawsuits… https://t.co/PwwpuXxHrZ",0.2003,0.095,0.905,0.0
28,BBC,Sun Jan 14 16:30:09 +0000 2018,"? @IanMcKellen stars as a retired Sherlock Holmes who is haunted by a final case.

#MrHolmes | 6:20pm | @BBCTwo |… https://t.co/iTfz9A9NfS",-0.4767,0.0,0.838,0.162
29,BBC,Sun Jan 14 16:00:06 +0000 2018,"In Greenland, you can find a shark that could live for hundreds of years. ?? https://t.co/kc08HclHef",0.0,0.0,1.0,0.0
30,BBC,Sun Jan 14 15:00:10 +0000 2018,A @NASA telescope has yielded important insights into how stars are born from collapsing gas and dust.… https://t.co/Ag4bp18ZG0,-0.1027,0.095,0.789,0.116
31,BBC,Sun Jan 14 14:00:04 +0000 2018,"While parts of the US &amp; Canada felt as cold as -67C recently, Australia is experiencing its hottest weather in 79 y… https://t.co/mtrZUhzthy",0.0,0.0,1.0,0.0
32,BBC,Sun Jan 14 13:26:03 +0000 2018,"? Thrillers, comedy and foreign drama.

? @BBC_Culture rounds up the most exciting programmes on the small screen o… https://t.co/DpxgDUIyij",0.7264,0.321,0.679,0.0
33,BBC,Sun Jan 14 13:03:04 +0000 2018,"Nominations for the BBC Food and Farming Awards 2018 are now open! ??

If there’s a producer, cook, retailer or ini… https://t.co/mkDAtLcc3R",0.5093,0.141,0.859,0.0
34,BBC,Sun Jan 14 12:30:07 +0000 2018,YouTube has decided to cut ties with vlogger Logan Paul over his Japan suicide video. https://t.co/zE0vEGoLkK https://t.co/rzGMXlKv0s,-0.765,0.0,0.694,0.306
35,BBC,Sun Jan 14 12:00:07 +0000 2018,"Ever wondered how mayonnaise is made? 

Take a peek #InsideTheFactory. https://t.co/laIJyyTO5Q",0.0,0.0,1.0,0.0
36,BBC,Sun Jan 14 11:30:09 +0000 2018,Snow has fallen in the Sahara desert. ?? https://t.co/804PRapagA https://t.co/g3lQIY7l9O,-0.3612,0.0,0.783,0.217
37,BBC,Sun Jan 14 11:18:04 +0000 2018,"RT @bbcmusic: Happy Birthday Dave Grohl! ???

HOW GREAT was the @FooFighters AC/DC cover in @BBCR1's Live Lounge??
Watch ? https://t.co/4lk…",0.8803,0.338,0.662,0.0
38,BBC,Sun Jan 14 11:03:03 +0000 2018,??? Here's what the weather looked like around the world this week. ?  https://t.co/TTYG5JmFJ1 https://t.co/l9vs9T9J9A,0.3612,0.161,0.839,0.0
39,BBC,Sun Jan 14 10:42:37 +0000 2018,"RT @BBCRadio4: ? Let this joyous birdsong ease you into your Sunday morning...
https://t.co/t8HCfaDl7X",0.8113,0.401,0.599,0.0
40,BBC,Sun Jan 14 10:30:08 +0000 2018,"The world has entered a new era of conflict – offensive cyber-attacks aimed at infrastructure and society, all done… https://t.co/Z63a1IY29o",-0.6486,0.0,0.751,0.249
41,BBC,Sun Jan 14 10:09:01 +0000 2018,Here's the moment @ThisIsSigrid found out she'd won @BBCMusic's #SoundOf2018. ?? https://t.co/3Rc2K6dwMS,0.5719,0.252,0.748,0.0
42,BBC,Sun Jan 14 09:47:01 +0000 2018,"Fancy a game of punchball, anyone?! #TheGNShow ? https://t.co/ZVKfXsNmqf",0.0,0.0,1.0,0.0
43,BBC,Sun Jan 14 09:38:16 +0000 2018,RT @BBCSpringwatch: Who's been visiting your garden this winter? https://t.co/Tn7VwADqMZ https://t.co/MjSNAC8E4D,0.0,0.0,1.0,0.0
44,BBC,Sun Jan 14 09:17:02 +0000 2018,Ready to bounce back after the festive season? https://t.co/4w9fbd628g,0.6705,0.44,0.56,0.0
45,BBC,Sun Jan 14 09:11:08 +0000 2018,"RT @bbcgetinspired: Keith Lynch was told he might never walk again - but now he's a champion climber.

? https://t.co/u9Q8KeuwJd #GetInspir…",0.7469,0.239,0.761,0.0
46,BBC,Sun Jan 14 08:30:05 +0000 2018,Unleash your inner sloth &amp; discover why being lazy could actually be the ultimate evolutionary strategy.… https://t.co/HhrOt8wfHV,-0.3612,0.0,0.865,0.135
47,BBC,Sun Jan 14 08:00:02 +0000 2018,More than half a million tonnes of plastic and other untreated waste is dumped into the Ganges each year. https://t.co/fqsGo3x3F9,-0.6705,0.0,0.756,0.244
48,BBC,Sat Jan 13 19:30:06 +0000 2018,"Saved by the whale ????

Via @BBCNews https://t.co/qHPJvDmmit",0.4215,0.286,0.714,0.0
49,BBC,Sat Jan 13 19:03:03 +0000 2018,Go behind-the-scenes with @Madonna as she travels the world to perform her new hits and beloved classics. ? ? ?… https://t.co/RsgmHhA1m7,0.5106,0.155,0.845,0.0
50,BBC,Sat Jan 13 18:30:03 +0000 2018,"Has a fear of flying shrunk your world? ???

Here are three tips for anyone worried about getting on a plane. https://t.co/hLIyaAseXB",-0.6597,0.0,0.769,0.231
51,BBC,Sat Jan 13 18:00:09 +0000 2018,"London's Marylebone Road &amp; Hyde Park Corner have the most polluted postcodes in Britain. ??

How does your area mea… https://t.co/86YDrw6bLy",-0.5095,0.0,0.859,0.141
52,BBC,Sat Jan 13 17:30:07 +0000 2018,"To save Teresa’s life, doctors are going to have to remove part of her face.

(Warning: This video contains graphic… https://t.co/FpBTlGZaQe",0.4939,0.138,0.862,0.0
53,BBC,Sat Jan 13 17:02:01 +0000 2018,Jack has just reached the UK after being rescued from a dog meat farm in South Korea where 2.5m dogs are killed eve… https://t.co/T5IzeUxMEf,-0.3182,0.146,0.697,0.157
54,BBC,Sat Jan 13 16:30:06 +0000 2018,"What am I? ? 

Know the answer? See if you can solve these other riddles. ? https://t.co/EpDXFLZv93 https://t.co/gMh31MVl5K",0.2869,0.126,0.874,0.0
55,BBC,Sat Jan 13 16:00:15 +0000 2018,???? @BBC_Travel gives us 50 reasons to #LoveTheWorld. ? https://t.co/DUCHRV07yR https://t.co/UQp3h6sHf2,0.0,0.0,1.0,0.0
56,BBC,Sat Jan 13 15:30:05 +0000 2018,"? Italian-style tart with a lemon and cinnamon custard topped with lemony pastry. ??

See the @HairyBikers' Torta m… https://t.co/iXhVPCyiLG",0.0,0.0,1.0,0.0
57,BBC,Sat Jan 13 15:22:58 +0000 2018,"RT @BBCR1: Just waiting on that @NiallOfficial and @ShawnMendes collab now ??

https://t.co/WrwoCwK5At",0.0,0.0,1.0,0.0
58,BBC,Sat Jan 13 15:00:03 +0000 2018,Why are ultra-Orthodox Jewish families so impressed with the Essex seaside? https://t.co/tP0BolKFPz,0.6113,0.266,0.734,0.0
59,BBC,Sat Jan 13 14:00:08 +0000 2018,?? The diverse &amp; exciting cheeses of the world wouldn't exist if humans hadn't learned how to take advantage of mic… https://t.co/lW4LIm5MB6,0.6369,0.206,0.794,0.0
60,BBC,Sat Jan 13 13:30:06 +0000 2018,"? The astonishing true story of the first reigning queen of England.

England's Forgotten Queen: The Life and Death… https://t.co/oDz4dZZvY4",0.2263,0.129,0.783,0.088
61,BBC,Sat Jan 13 13:03:07 +0000 2018,Take a look at these incredible photos of snow and ice sculptures at the Harbin Ice and Snow Sculpture festival. ?… https://t.co/ywjmdXZWa5,0.4939,0.138,0.862,0.0
62,BBC,Sat Jan 13 12:31:04 +0000 2018,Were you a regular at the cinema in 2017? Test your knowledge of the year’s biggest films ? ?… https://t.co/Da6bBxe7On,0.0,0.0,1.0,0.0
63,BBC,Sat Jan 13 12:00:07 +0000 2018,Four of the biggest global health stories to follow in 2018. ? https://t.co/j47eCWOmGG,0.0,0.0,1.0,0.0
64,BBC,Sat Jan 13 11:32:04 +0000 2018,"? Scientists are always looking for new ways to provide power. 

Find out about some of the more unusual ones...… https://t.co/kCxfbdt3QI",0.0,0.0,1.0,0.0
65,BBC,Sat Jan 13 11:04:03 +0000 2018,Gas engineer James Gibson spends up to four hours creating mud masterpieces on dirty white vans. ? ?… https://t.co/MNtk4ajFnd,0.4215,0.242,0.636,0.123
66,BBC,Sat Jan 13 10:56:02 +0000 2018,"RT @BBCRadio2: LISTEN ?? @ericclapton: ""I felt like Buddy Guy &amp; BB King looked on me as a musical equal, which was a huge honour""
https://t…",0.8176,0.288,0.712,0.0
67,BBC,Sat Jan 13 10:29:02 +0000 2018,Why rising sea temperatures are turning turtles female in parts of the Great Barrier Reef. ? https://t.co/JmuhPWZdD2,0.5574,0.209,0.714,0.077
68,BBC,Sat Jan 13 10:00:04 +0000 2018,Arya Stark’s kill list gets an update ? #TheGNShow https://t.co/mJbr6h86EN,-0.6908,0.0,0.63,0.37
69,BBC,Sat Jan 13 09:30:04 +0000 2018,Super Blue Blood Moon: What is it and can I see it? ?? https://t.co/Xb9ACCL62q https://t.co/uc95INWIAM,0.5994,0.231,0.769,0.0
70,BBC,Sat Jan 13 09:08:49 +0000 2018,"RT @BBCSport: History.

Saudi Arabia has allowed women to spectate at a football match for the first time.

https://t.co/gHwc7aQDGg https:/…",0.0,0.0,1.0,0.0
71,BBC,Sat Jan 13 09:00:06 +0000 2018,#TheLeagueOfGentlemen's @MarkGatiss shares his top cultural picks with @BBCRadio4. ? https://t.co/2PeZ2yNGo2 https://t.co/QiJV1YI6p1,0.4588,0.308,0.692,0.0
72,BBC,Sat Jan 13 08:30:07 +0000 2018,Another step closer to Marty McFly’s hoverboard.. ? https://t.co/mQEKXirCqz,0.0,0.0,1.0,0.0
73,BBC,Sat Jan 13 07:33:04 +0000 2018,These adorable alpacas are helping people to recover from illness and injury in Lincolnshire. ?… https://t.co/dgXtqRQMKI,-0.0258,0.236,0.524,0.24
74,BBC,Fri Jan 12 19:33:04 +0000 2018,The day I accidentally killed a little boy. https://t.co/QvHrUFLJic https://t.co/r3YCMYGeDs,-0.7845,0.0,0.465,0.535
75,BBC,Fri Jan 12 19:00:07 +0000 2018,"In the endless winter night, terrifying monsters haunt Iceland's caves and mountains. ?? https://t.co/cwZdBQGjct",-0.7506,0.0,0.652,0.348
76,BBC,Fri Jan 12 18:33:03 +0000 2018,"Tonight, @CharltonBrooker, @ScarlettMoffatt and @Pearlie_mack talk pet hates and peeves. ?

#Room101 | 8:30pm |… https://t.co/3ydAdVcULC",-0.4404,0.0,0.818,0.182
77,BBC,Fri Jan 12 17:58:03 +0000 2018,"'Kids are easy to manage... you just lie to them.' ?

@SindhuVFunny on how to raise children. ?… https://t.co/QZuCvxhQr2",0.4404,0.146,0.854,0.0
78,BBC,Fri Jan 12 17:30:07 +0000 2018,"Errs
Yer
Dinner

On the table in just minutes ?
https://t.co/BDG2qj8QGf",0.0,0.0,1.0,0.0
79,BBC,Fri Jan 12 17:00:05 +0000 2018,Astronomers have caught a massive black hole letting out a 'double burp' after bingeing on hot gas.… https://t.co/kvjvjFcO41,0.0,0.0,1.0,0.0
80,BBC,Fri Jan 12 16:40:51 +0000 2018,Where does the money go from the 5p plastic bag charge? ? https://t.co/H3UjuZqd3I https://t.co/4DxREaZtZh,0.0,0.0,1.0,0.0
81,BBC,Fri Jan 12 15:00:02 +0000 2018,"The Queen reveals what it's actually like to take a ride in the Gold State Coach. ? 

#TheCoronation is on @BBCOne… https://t.co/16H4OnOSCh",0.3612,0.116,0.884,0.0
82,BBC,Fri Jan 12 14:03:03 +0000 2018,How Grace Kelly went from being the family failure to Hollywood royalty. ?? ? https://t.co/iIXtfmNCew https://t.co/sURkXsNWcl,-0.128,0.147,0.681,0.173
83,BBC,Fri Jan 12 13:39:17 +0000 2018,"RT @BBCBargainHunt: Oh look, a ring. Oh look, it's got your name on it… 
SURPRISE PROPOSAL! ???

#bbcbargainhunt #bargainhunt https://t.co/…",0.481,0.148,0.852,0.0
84,BBC,Fri Jan 12 13:30:04 +0000 2018,"'Second chances are really important to me'. 

? @JohnLegend explains what Bob Marley’s Redemption Song means to hi… https://t.co/NnbZVnWXqK",0.4391,0.196,0.804,0.0
85,BBC,Fri Jan 12 13:24:30 +0000 2018,RT @bbcmusic: #SoundOf2018 Winner @thisissigrid treated us to an exclusive performance in her hometown of Ålesund in Norway earlier this mo…,0.6486,0.218,0.782,0.0
86,BBC,Fri Jan 12 13:24:15 +0000 2018,RT @bbcworldservice: McDonald's is the only thing that would get this Nigerian TV presenter to come back to the UK. https://t.co/C7r81iT937,0.0,0.0,1.0,0.0
87,BBC,Fri Jan 12 13:23:54 +0000 2018,"RT @BBCBreakfast: The Queen has given a rare interview to the @BBC, revealing what it was like at her Coronation 65 years ago. https://t.co…",0.3612,0.102,0.898,0.0
88,BBC,Fri Jan 12 13:23:47 +0000 2018,RT @TWBBC: Alice Lee was fighting sexism in science over a century ago. @Utafrith tells @ProfBrianCox why Alice is her inspiration for @roy…,0.2263,0.131,0.772,0.097
89,BBC,Fri Jan 12 13:23:40 +0000 2018,"RT @bbcmusic: ?@DuaLipa unleashes visually stunning video for 'IDGAF' ??
Watch ? https://t.co/cCOdxNstUx https://t.co/n8XGs50w5b",0.3818,0.178,0.822,0.0
90,BBC,Fri Jan 12 13:06:44 +0000 2018,RT @bbcworldservice: Why do astronauts get taller in space? https://t.co/uXtAGkYTkE,0.0,0.0,1.0,0.0
91,BBC,Fri Jan 12 13:04:04 +0000 2018,Move over Nessie! Here are 5 things you might not know about Scottish lochs. ? https://t.co/fq15NzWVNA https://t.co/7l6MFsl8WZ,0.0,0.0,1.0,0.0
92,BBC,Fri Jan 12 12:44:54 +0000 2018,"RT @bbcpress: ? HM The Queen and HRH The Prince of Wales help bring the @RoyalFamily art collection to life, in a major new season across T…",0.4019,0.101,0.899,0.0
93,BBC,Fri Jan 12 12:30:02 +0000 2018,"? The rusty spotted cat might be 200 x lighter than a lion, but it's still a ferocious predator. ? 

#BigCats https://t.co/PgIC5WfdaJ",-0.1531,0.0,0.909,0.091
94,BBC,Fri Jan 12 12:01:03 +0000 2018,6 controversial gigs that broke cultural boycotts. ?? https://t.co/8pk8uSAqjy https://t.co/K3MJOeEbOa,-0.7184,0.0,0.462,0.538
95,BBC,Fri Jan 12 10:49:42 +0000 2018,"?? The moment @ThisIsSigrid found out she'd won @BBCMusic's #SoundOf2018. 

There were tears. ? https://t.co/3Rc2K6dwMS",0.4215,0.21,0.682,0.108
96,BBC,Fri Jan 12 10:46:24 +0000 2018,"RT @bbcmusic: ?? “Sigrid wins the #SoundOf2018 ?”

https://t.co/L5njgZ2gfz",0.5719,0.316,0.684,0.0
97,BBC,Fri Jan 12 10:46:11 +0000 2018,"RT @bbcmusic: ? #SoundOf2018 Winner Alert ? 

Huge congratulations to the phenomenal @thisissigrid, the artist our 173 pundits worldwide ha…",0.9042,0.466,0.534,0.0
98,BBC,Fri Jan 12 09:03:03 +0000 2018,"Is the miserable British weather making you want to move abroad? 

?????Take this quiz to see which country best su… https://t.co/7R43a6YAfd",0.3182,0.206,0.674,0.12
99,BBC,Fri Jan 12 08:42:02 +0000 2018,? This Arabian horse &amp; his Palestinian breeder are competing in a show bringing Israelis &amp; Palestinians together. https://t.co/NeGZijFDYP,0.0,0.0,1.0,0.0
100,CBS,Sun Jan 14 22:13:29 +0000 2018,Cast your vote now and see who will be named the winner of Super Bowl Greatest Commercials 2018! Tune in January 30… https://t.co/zUteavWdKi,0.9215,0.379,0.621,0.0
101,CBS,Sun Jan 14 19:12:26 +0000 2018,"If you continue to experience problems, please visit https://t.co/wvWEgDYfI5 to send our support team an email.",0.3182,0.242,0.628,0.13
102,CBS,Sun Jan 14 19:12:25 +0000 2018,"We apologize for the live streaming issues some users are experiencing on CBS All Access this morning. The issue, a… https://t.co/WNl94H269i",0.1027,0.065,0.935,0.0
103,CBS,Sun Jan 14 19:11:33 +0000 2018,"RT @startrekcbs: There will be lots to discuss after tonight's new #StarTrekDiscovery. Luckily, #AfterTrek has you covered. Join @karterhol…",0.6705,0.244,0.756,0.0
104,CBS,Sun Jan 14 14:49:58 +0000 2018,Don’t miss the AFC Divisional game! Stream the Jacksonville Jaguars at Pittsburgh Steelers LIVE today at 1:05PM ET… https://t.co/uYjgjaa6Oj,-0.2244,0.0,0.905,0.095
105,CBS,Sun Jan 14 12:00:01 +0000 2018,"Today's music stars will be tomorrow's legends. In two weeks, celebrate The 60th Annual #GRAMMYs, Sunday, January 2… https://t.co/feZVWMIKua",0.5719,0.171,0.829,0.0
106,CBS,Sat Jan 13 14:32:07 +0000 2018,Don’t miss the AFC Divisional game! Stream the Tennessee Titans at New England Patriots LIVE tonight at 8:15PM ET w… https://t.co/X34bNfms3j,-0.2244,0.0,0.914,0.086
107,CBS,Fri Jan 12 21:39:27 +0000 2018,Star power makes these commercials instant classics! Vote for your favorite spot now and watch Super Bowl Greatest… https://t.co/DwBhTazToF,0.8016,0.297,0.703,0.0
108,CBS,Fri Jan 12 12:00:05 +0000 2018,Four-time GRAMMY® winner @KeithUrban inspires the next generation of young artists through music education. Because… https://t.co/1a32zReMrn,0.7717,0.324,0.676,0.0
109,CBS,Thu Jan 11 20:34:24 +0000 2018,Here's why @startrekcbs needs to be your next binge: https://t.co/locrpdx0VT #StarTrekDiscovery https://t.co/XOMuprlXzG,0.0,0.0,1.0,0.0
110,CBS,Thu Jan 11 20:31:42 +0000 2018,RT @Elementary_CBS: Your favorite detective duo is back! #Elementary returns April 30 at 10/9c! https://t.co/aG8XiwAd6S,0.555,0.204,0.796,0.0
111,CBS,Thu Jan 11 20:31:33 +0000 2018,"RT @CodeBlackCBS: Return to Angels Memorial on Wednesday, May 2 for season 3 of #CodeBlack. https://t.co/ZmfuQhOwoU",0.0,0.0,1.0,0.0
112,CBS,Thu Jan 11 12:00:06 +0000 2018,#TBT to when @latelateshow's @JKCorden rolled into the 2017 #GRAMMYs! Don't miss him return to host The 60th Annual… https://t.co/CbczcnV3HK,0.1867,0.084,0.916,0.0
113,CBS,Wed Jan 10 17:15:18 +0000 2018,Hosts @7BOOMERESIASON &amp; @DanielaRuah return in Super Bowl Greatest Commercials 2018 pitting man vs. beast! Cast you… https://t.co/bk8OKTblMw,0.8553,0.344,0.656,0.0
114,CBS,Wed Jan 10 14:44:59 +0000 2018,"Music's Biggest Night® just got bigger with epic performances by @BrunoMars with @iamcardib, @KeshaRose, @sza and m… https://t.co/rCWrP6PihR",0.0,0.0,1.0,0.0
115,CBS,Tue Jan 09 19:30:28 +0000 2018,RT @BullCBS: Dr. #Bull's latest case could change the way Psychologists work. Don't miss tonight's new episode at 9/8c on CBS! https://t.co…,0.1867,0.076,0.924,0.0
116,CBS,Tue Jan 09 19:27:16 +0000 2018,"?@Prince pushed the envelope and never settled for ordinary.

Celebrate the greatest artists in music history at Th… https://t.co/GPZ9YgK1tH",0.836,0.317,0.683,0.0
117,CBS,Tue Jan 09 18:29:39 +0000 2018,RT @AmazingRaceCBS: This race is just getting started. Catch a new episode of The #AmazingRace tomorrow at 8/7c on CBS! https://t.co/Nab5DC…,0.0,0.0,1.0,0.0
118,CBS,Mon Jan 08 18:07:57 +0000 2018,RT @startrekcbs: #StarTrekDiscovery is back! Episode 10 is now streaming on CBS All Access: https://t.co/xPeb97Rs8J https://t.co/Uvgab7nGgS,0.0,0.0,1.0,0.0
119,CBS,Mon Jan 08 14:34:48 +0000 2018,"New year, new case. Watch the latest episode of #NCISLA now: https://t.co/1rAsX4EsiB https://t.co/QzRZcORK9r",0.0,0.0,1.0,0.0
120,CBS,Sun Jan 14 22:13:29 +0000 2018,Cast your vote now and see who will be named the winner of Super Bowl Greatest Commercials 2018! Tune in January 30… https://t.co/zUteavWdKi,0.9215,0.379,0.621,0.0
121,CBS,Sun Jan 14 19:12:26 +0000 2018,"If you continue to experience problems, please visit https://t.co/wvWEgDYfI5 to send our support team an email.",0.3182,0.242,0.628,0.13
122,CBS,Sun Jan 14 19:12:25 +0000 2018,"We apologize for the live streaming issues some users are experiencing on CBS All Access this morning. The issue, a… https://t.co/WNl94H269i",0.1027,0.065,0.935,0.0
123,CBS,Sun Jan 14 19:11:33 +0000 2018,"RT @startrekcbs: There will be lots to discuss after tonight's new #StarTrekDiscovery. Luckily, #AfterTrek has you covered. Join @karterhol…",0.6705,0.244,0.756,0.0
124,CBS,Sun Jan 14 14:49:58 +0000 2018,Don’t miss the AFC Divisional game! Stream the Jacksonville Jaguars at Pittsburgh Steelers LIVE today at 1:05PM ET… https://t.co/uYjgjaa6Oj,-0.2244,0.0,0.905,0.095
125,CBS,Sun Jan 14 12:00:01 +0000 2018,"Today's music stars will be tomorrow's legends. In two weeks, celebrate The 60th Annual #GRAMMYs, Sunday, January 2… https://t.co/feZVWMIKua",0.5719,0.171,0.829,0.0
126,CBS,Sat Jan 13 14:32:07 +0000 2018,Don’t miss the AFC Divisional game! Stream the Tennessee Titans at New England Patriots LIVE tonight at 8:15PM ET w… https://t.co/X34bNfms3j,-0.2244,0.0,0.914,0.086
127,CBS,Fri Jan 12 21:39:27 +0000 2018,Star power makes these commercials instant classics! Vote for your favorite spot now and watch Super Bowl Greatest… https://t.co/DwBhTazToF,0.8016,0.297,0.703,0.0
128,CBS,Fri Jan 12 12:00:05 +0000 2018,Four-time GRAMMY® winner @KeithUrban inspires the next generation of young artists through music education. Because… https://t.co/1a32zReMrn,0.7717,0.324,0.676,0.0
129,CBS,Thu Jan 11 20:34:24 +0000 2018,Here's why @startrekcbs needs to be your next binge: https://t.co/locrpdx0VT #StarTrekDiscovery https://t.co/XOMuprlXzG,0.0,0.0,1.0,0.0
130,CBS,Thu Jan 11 20:31:42 +0000 2018,RT @Elementary_CBS: Your favorite detective duo is back! #Elementary returns April 30 at 10/9c! https://t.co/aG8XiwAd6S,0.555,0.204,0.796,0.0
131,CBS,Thu Jan 11 20:31:33 +0000 2018,"RT @CodeBlackCBS: Return to Angels Memorial on Wednesday, May 2 for season 3 of #CodeBlack. https://t.co/ZmfuQhOwoU",0.0,0.0,1.0,0.0
132,CBS,Thu Jan 11 12:00:06 +0000 2018,#TBT to when @latelateshow's @JKCorden rolled into the 2017 #GRAMMYs! Don't miss him return to host The 60th Annual… https://t.co/CbczcnV3HK,0.1867,0.084,0.916,0.0
133,CBS,Wed Jan 10 17:15:18 +0000 2018,Hosts @7BOOMERESIASON &amp; @DanielaRuah return in Super Bowl Greatest Commercials 2018 pitting man vs. beast! Cast you… https://t.co/bk8OKTblMw,0.8553,0.344,0.656,0.0
134,CBS,Wed Jan 10 14:44:59 +0000 2018,"Music's Biggest Night® just got bigger with epic performances by @BrunoMars with @iamcardib, @KeshaRose, @sza and m… https://t.co/rCWrP6PihR",0.0,0.0,1.0,0.0
135,CBS,Tue Jan 09 19:30:28 +0000 2018,RT @BullCBS: Dr. #Bull's latest case could change the way Psychologists work. Don't miss tonight's new episode at 9/8c on CBS! https://t.co…,0.1867,0.076,0.924,0.0
136,CBS,Tue Jan 09 19:27:16 +0000 2018,"?@Prince pushed the envelope and never settled for ordinary.

Celebrate the greatest artists in music history at Th… https://t.co/GPZ9YgK1tH",0.836,0.317,0.683,0.0
137,CBS,Tue Jan 09 18:29:39 +0000 2018,RT @AmazingRaceCBS: This race is just getting started. Catch a new episode of The #AmazingRace tomorrow at 8/7c on CBS! https://t.co/Nab5DC…,0.0,0.0,1.0,0.0
138,CBS,Mon Jan 08 18:07:57 +0000 2018,RT @startrekcbs: #StarTrekDiscovery is back! Episode 10 is now streaming on CBS All Access: https://t.co/xPeb97Rs8J https://t.co/Uvgab7nGgS,0.0,0.0,1.0,0.0
139,CBS,Mon Jan 08 14:34:48 +0000 2018,"New year, new case. Watch the latest episode of #NCISLA now: https://t.co/1rAsX4EsiB https://t.co/QzRZcORK9r",0.0,0.0,1.0,0.0
140,CBS,Mon Jan 08 14:29:20 +0000 2018,RT @AmazingRaceCBS: Which teams are zipping through the first leg of the #AmazingRace? https://t.co/8isAwPyrLY,0.0,0.0,1.0,0.0
141,CBS,Mon Jan 08 00:29:51 +0000 2018,RT @MadamSecretary: Is VP Hurst going to work with or against Elizabeth? Stream a new #MadamSecretary live with CBS All Access: https://t.c…,0.0,0.0,1.0,0.0
142,CBS,Sat Jan 06 20:05:17 +0000 2018,"RT @debrabirnbaum: .@ShawnRyanTV: To me, being on CBS is the opposite of preaching to the choir. #TCA18",0.0,0.0,1.0,0.0
143,CBS,Sat Jan 06 19:04:08 +0000 2018,RT @LivinBiblically: “The truth is it somehow gorgeously straddles both sides...I have had friends come from all different walks of life an…,0.8271,0.314,0.686,0.0
144,CBS,Sat Jan 06 19:03:38 +0000 2018,RT @instinctcbs: “This is a crime show where at the end you’re not reminded of how miserable things are in the world right now…You feel sat…,-0.7717,0.0,0.774,0.226
145,CBS,Sat Jan 06 00:37:55 +0000 2018,"RT @startrekcbs: Star Trek has touched the lives of generations of fans, including the cast and writers of #StarTrekDiscovery. What's your…",0.0,0.0,1.0,0.0
146,CBS,Sat Jan 06 00:30:53 +0000 2018,#StrangeAngel has found its leading man! Jack Reynor will star as famed rocket engineer Jack Parsons in the upcomin… https://t.co/sHkSKABGfd,0.0,0.0,1.0,0.0
147,CBS,Fri Jan 05 18:30:42 +0000 2018,"The streak of new episodes continues! Watch new episodes of #MacGyver, #H50 &amp; #BlueBloods tonight starting at 8/7c.… https://t.co/xs2vbVqBJZ",0.0,0.0,1.0,0.0
148,CBS,Fri Jan 05 16:05:58 +0000 2018,"RT @CBSTweet: #CBSRatingsNews: CBS Sweeps Fourth Quarter Ratings in Daytime, Primetime and Late Night for the First Time Since 2009 https:/…",0.0,0.0,1.0,0.0
149,CBS,Thu Jan 04 23:13:02 +0000 2018,"New year, new episodes! Don't miss all-new episodes of @BigBangTheory, @YoungSheldon, @MomCBS, @LifeInPiecesCBS, an… https://t.co/COf6Qg8Mz1",0.1867,0.11,0.89,0.0
150,CBS,Thu Jan 04 14:43:09 +0000 2018,"Current nominees @LadyGaga, @LittleBigTown, @Pink, Childish Gambino and more will perform live at the #GRAMMYs, Jan… https://t.co/PlLMasNPwD",-0.296,0.0,0.879,0.121
151,CBS,Wed Jan 03 20:33:09 +0000 2018,"RT @startrekcbs: From Airiam to Zefram Cochrane, #StarTrekDiscovery features fascinating new concepts along with classic references. What's…",0.5423,0.179,0.821,0.0
152,CBS,Wed Jan 03 19:51:15 +0000 2018,Torres and Bishop went undercover as a criminal couple on the latest episode of #NCIS. Catch up now:… https://t.co/1iTEneHyJS,-0.5267,0.0,0.833,0.167
153,CBS,Wed Jan 03 15:00:05 +0000 2018,Do you know all the nominees for Artist Of The Year? Get familiar with this year's GRAMMY® Award nominees ahead of… https://t.co/UQa8Mu9PUV,0.5423,0.143,0.857,0.0
154,CBS,Wed Jan 03 12:00:01 +0000 2018,"The new year of new episodes continues tonight with all-new episodes of #AmazingRace, #SEALTeam and #CriminalMinds… https://t.co/bwhNhQgsFC",0.0,0.0,1.0,0.0
155,CBS,Wed Jan 03 00:47:26 +0000 2018,"RT @BullCBS: Tonight, can #Bull prove that a teen accused of robbing a jewelry store isn't responsible for the crime? Tune in at 9/8c or st…",-0.7692,0.0,0.733,0.267
156,CBS,Tue Jan 02 22:41:51 +0000 2018,It's your last chance to choose the pro football player with the best off-the-field talent! Vote now to decide who… https://t.co/6DjwqU0MB9,0.8516,0.34,0.66,0.0
157,CBS,Tue Jan 02 08:00:03 +0000 2018,"New year, new episodes -- all week long! It kicks off with an all-new #NCIS, #Bull and #NCISNOLA tonight starting a… https://t.co/bcmAaUQJtf",0.0,0.0,1.0,0.0
158,CBS,Mon Jan 01 01:16:12 +0000 2018,"Due to #NFL football games overrun, revised start times &amp; lineup for Eastern/Central Time Zones Only:
#60Minutes 8:… https://t.co/rqOYbM5j0h",0.0,0.0,1.0,0.0
159,CBS,Sun Dec 31 14:37:05 +0000 2017,Get ready for football! Stream NFL on CBS today with #CBSAllAccess. Try 1 month FREE with promo code BINGE (not ava… https://t.co/NEntvW7QHd,0.7798,0.264,0.736,0.0
160,CBS,Sat Dec 30 20:25:20 +0000 2017,"RT @NoActivityCBS: All season nothing's happened. Now prepare for activity. Stream the #NoActivity season finale Sunday, Dec 31 on CBS All…",0.0,0.0,1.0,0.0
161,CBS,Sat Dec 30 20:24:58 +0000 2017,RT @startrekcbs: Find out what happens when you boldly go too far. #StarTrekDiscovery continues January 7 on CBS All Access: https://t.co/f…,0.3612,0.116,0.884,0.0
162,CBS,Fri Dec 29 16:06:02 +0000 2017,Stream NC State Wolfpack at Arizona State Sun Devils LIVE today at 3PM ET with a 1-month FREE trial of… https://t.co/8k50thgtip,0.0857,0.157,0.699,0.144
163,CBS,Thu Dec 28 20:31:01 +0000 2017,"In case you missed this star-studded tribute to Carol Burnett's classic comedy series, catch up now! Watch The Caro… https://t.co/wu7BxM9gtm",0.1511,0.121,0.783,0.096
164,CBS,Thu Dec 28 19:28:22 +0000 2017,Some of TV's biggest stars saluted @TheNormanLear's impact on television and culture at The 40th Annual Kennedy Cen… https://t.co/E74ChUW1uE,0.0,0.0,1.0,0.0
165,CBS,Wed Dec 27 22:45:05 +0000 2017,The search is on to find the pro football player with the best off-the-field talent. Vote for your favorite player… https://t.co/R0fb5ngJ16,0.875,0.357,0.643,0.0
166,CBS,Wed Dec 27 21:04:10 +0000 2017,"Celebrate everyone's favorite classic sitcom with Carol Burnett, Vicki Lawrence, and more stars during The Carol Bu… https://t.co/SaiZ9TzBVO",0.7717,0.295,0.705,0.0
167,CBS,Wed Dec 27 19:52:02 +0000 2017,Joy to the world of streaming! Try #CBSAllAccess FREE for 1 month – just use code BINGE by 1/2:… https://t.co/9p1ACnslz6,0.8452,0.337,0.663,0.0
168,CBS,Wed Dec 27 19:40:34 +0000 2017,"Music legend Stevie Wonder salutes @LionelRichie while performing his classic hit, ""Easy"" at The 40th Annual Kenned… https://t.co/7TeDeNyhgo",0.0,0.0,1.0,0.0
169,CBS,Wed Dec 27 12:00:01 +0000 2017,"As the youngest Kennedy Center Honoree in 40 years, @LLCoolJ talks about what motivates him to chase his dreams. Wa… https://t.co/DFY78y99w3",0.7003,0.234,0.766,0.0
170,CBS,Wed Dec 27 07:27:33 +0000 2017,Here's to the 2017 Kennedy Center Honorees! Catch up on an evening of stunning performances and inspiring speeches… https://t.co/jGfANpSCul,0.8398,0.36,0.64,0.0
171,CBS,Wed Dec 27 04:00:52 +0000 2017,This celebration could go all night long! What a great final performance in honor of @LionelRichie. #KCHonors https://t.co/xKLWpKr3v0,0.8221,0.336,0.664,0.0
172,CBS,Wed Dec 27 03:59:48 +0000 2017,RT @MarkAPrinceJr: A #LionelRichie tribute is not complete without ?All Night Long? ? #KCHonors,0.0,0.0,1.0,0.0
173,CBS,Wed Dec 27 03:36:01 +0000 2017,Carmen de Lavallade (@CarmenDances) got emotional during those beautiful performances in her honor. Congratulations… https://t.co/gOCAZpZDpt,0.8271,0.42,0.58,0.0
174,CBS,Wed Dec 27 03:35:29 +0000 2017,RT @Glamourtunist: This tribute to Carmen de Lavallade at the #KCHonors is so beautiful and well deserved. ??,0.8103,0.315,0.685,0.0
175,CBS,Wed Dec 27 03:03:49 +0000 2017,RT @llcoolj: Attn: #HIPHOP !!!! We made history!! #KCHonors,0.0,0.0,1.0,0.0
176,CBS,Wed Dec 27 03:03:26 +0000 2017,.@llcoolj is making history! He’s the Kennedy Center’s first hip-hop honoree. #KCHonors https://t.co/kCqkOdUjtu,0.5255,0.22,0.78,0.0
177,CBS,Wed Dec 27 02:57:56 +0000 2017,RT @ErinAnnCullen: #KCHonors is always a night of inspiration. Thank you to these artists for your impact on our country. ???????,0.7096,0.247,0.753,0.0
178,CBS,Wed Dec 27 02:48:52 +0000 2017,Give a round of applause to television pioneer and 2017 Honoree @TheNormanLear! #KCHonors https://t.co/20UosF987x,0.7345,0.36,0.64,0.0
179,CBS,Wed Dec 27 02:45:34 +0000 2017,RT @AliL: This tribute to Norman Lear on #KCHonors is outstanding AND a walk down my childhood TV memory lane. ???,0.6124,0.174,0.826,0.0
180,CBS,Wed Dec 27 02:28:07 +0000 2017,RT @llcoolj: Moments I’ll never forget!!! #KCHonors,0.3699,0.298,0.702,0.0
181,CBS,Wed Dec 27 02:26:46 +0000 2017,.@GloriaEstefan approves of those amazing musical performances in her honor! #KCHonors https://t.co/i3EVYEoKRx,0.8748,0.526,0.474,0.0
182,CBS,Wed Dec 27 02:20:11 +0000 2017,RT @thepickypantry: Beautiful tribute to @GloriaEstefan on the Kennedy Center Honors. Love Mi Tierra! Amazing and inspiring what a fighter…,0.9601,0.566,0.434,0.0
183,CBS,Wed Dec 27 02:00:29 +0000 2017,Time to celebrate the 2017 honorees at The 40th Annual Kennedy Center Honors! Tune in now on CBS and CBS All Access… https://t.co/1OULMpCfPy,0.8908,0.346,0.654,0.0
184,CBS,Wed Dec 27 01:08:32 +0000 2017,"Tonight, @LionelRichie, @LLCoolJ, @GloriaEstefan, @TheNormanLear &amp; Carmen de Lavallade will be recognized at The 40… https://t.co/jZJqNo8h3b",0.0,0.0,1.0,0.0
185,CBS,Tue Dec 26 12:00:01 +0000 2017,"Don't miss the breathtaking performances, standing ovations and moving tributes that will leave you inspired. Here'… https://t.co/imILa52fjz",0.2415,0.218,0.61,0.173
186,CBS,Mon Dec 25 12:00:05 +0000 2017,"Experience the performances and the memories when 2017 Honorees @LionelRichie, @GloriaEstefan, Carmen de Lavallade,… https://t.co/ygbqASVL7t",0.5106,0.191,0.809,0.0
187,CBS,Mon Dec 25 00:48:24 +0000 2017,"Due to NFL overrun CBS is delayed 36mins in Charlotte/NC, Cincinnati/OH, Nashville, Atlanta, New Orleans, Baton Rou… https://t.co/20mnbAhpTm",-0.2263,0.0,0.899,0.101
188,CBS,Sun Dec 24 20:40:42 +0000 2017,"Tonight, get together and enjoy Christmas Eve with a two-hour marathon of your favorite classic sitcoms! Watch The… https://t.co/SCv8TJy9Yp",0.7574,0.289,0.711,0.0
189,CBS,Sun Dec 24 14:17:43 +0000 2017,Get ready for football! Stream NFL on CBS today with #CBSAllAccess. Try 1 month FREE with promo code BINGE! (Not av… https://t.co/6mR4bRR5Ey,0.7974,0.273,0.727,0.0
190,CBS,Sun Dec 24 12:30:02 +0000 2017,"All In The Family star @RobReiner gives props to legendary television writer, producer and 2017 Kennedy Center Hono… https://t.co/98jc5i63zE",0.0,0.0,1.0,0.0
191,CBS,Sat Dec 23 16:21:17 +0000 2017,"Rapper @BustaRhymes pays tribute to @LLCoolJ, performing his hit song ""Mama Said Knock You Out"" at The 40th Annual… https://t.co/CRjQArUqwd",0.0,0.0,1.0,0.0
192,CBS,Sat Dec 23 15:00:02 +0000 2017,"Oh, what fun it is to stream! Start a 1-month FREE trial of #CBSAllAccess now. Use promo code BINGE by 1/2:… https://t.co/rSAnDJDgbI",0.8236,0.286,0.714,0.0
193,CBS,Sat Dec 23 12:37:04 +0000 2017,CBS stars are glowing with holiday spirit! See how the stars are getting festive this season:… https://t.co/7qYTHoxFIc,0.7712,0.355,0.645,0.0
194,CBS,Sat Dec 23 07:24:44 +0000 2017,Spread some holiday cheer and laugh along with Dick Van Dyke and Mary Tyler Moore in two back-to-back episodes of T… https://t.co/N89JoYvXZW,0.743,0.311,0.583,0.107
195,CBS,Sat Dec 23 06:39:45 +0000 2017,Come home for the holidays with Lucy and Ricky in the I Love Lucy Christmas Special! Stream the full show:… https://t.co/s7f9mjEtER,0.8687,0.365,0.635,0.0
196,CBS,Sat Dec 23 01:38:37 +0000 2017,"Tonight at 9/8c, gather the family for two hilarious episodes of this classic sitcom in The Dick Van Dyke Show- Now… https://t.co/YcyECVr2NN",-0.1531,0.104,0.769,0.127
197,CBS,Sat Dec 23 00:39:52 +0000 2017,Get ready to laugh in the holidays tonight with Lucy and the gang in the I Love Lucy Christmas Special at 8/7c! Str… https://t.co/txU2TwXWOg,0.9422,0.469,0.531,0.0
198,CBS,Fri Dec 22 19:35:35 +0000 2017,"Tonight, ring in the holidays with two back-to-back episodes of a timeless comedy classic, now in color! Watch the… https://t.co/skJsgJdQel",0.6588,0.241,0.759,0.0
199,CBS,Fri Dec 22 18:03:20 +0000 2017,"Groundbreaking, daring, fearless. This is CBS All Access Originals. 

Sign up now to watch @StarTrekCBS,… https://t.co/kvPsJafYrN",0.6597,0.278,0.722,0.0
200,CNN,Mon Jan 15 05:09:27 +0000 2018,Palestinian Authority President Mahmoud Abbas appears to have confirmed reports that the Trump administration has e… https://t.co/8dq8El6pT2,0.0772,0.075,0.925,0.0
201,CNN,Mon Jan 15 04:56:49 +0000 2018,"""I am the least racist person you have ever interviewed."" 

US President Donald Trump tells reporters he is ""not a… https://t.co/MtlXANYUbc",0.4973,0.139,0.861,0.0
202,CNN,Mon Jan 15 04:32:15 +0000 2018,Reuters chief says journalists jailed in Myanmar need the public https://t.co/AqoUUA021H https://t.co/Mb9DksdwZN,-0.4939,0.0,0.775,0.225
203,CNN,Mon Jan 15 04:30:14 +0000 2018,Iran has released more than 400 people detained in anti-government protests that broke out across the country in la… https://t.co/JWjB2FnbeX,-0.7506,0.0,0.697,0.303
204,CNN,Mon Jan 15 04:30:11 +0000 2018,Diet Coke is introducing four new flavors and a skinnier can in a move targeted at Millennials… https://t.co/AJCy2ZDJEW,0.0,0.0,1.0,0.0
205,CNN,Mon Jan 15 04:22:10 +0000 2018,NBA Hall of Famer Dennis Rodman has been charged with DUI in California https://t.co/jUCB6rZpuZ https://t.co/oQ1MzmmfBi,-0.2023,0.0,0.886,0.114
206,CNN,Mon Jan 15 04:01:51 +0000 2018,This is how people in Hawaii reacted to the missile scare https://t.co/RGxi6lzXEz https://t.co/7wbiOuYRPf,-0.4939,0.0,0.789,0.211
207,CNN,Mon Jan 15 03:53:02 +0000 2018,Oil tanker burning in the East China Sea sinks https://t.co/fXyBozdAy7 https://t.co/TDxiPF4m3K,0.0,0.0,1.0,0.0
208,CNN,Mon Jan 15 03:47:03 +0000 2018,"As a citizen of Norway, I can tell you we're not flattered, but offended by President Trump's eagerness to have us… https://t.co/ABxifbiD8Y",0.6209,0.233,0.701,0.066
209,CNN,Mon Jan 15 03:41:06 +0000 2018,"Former US Defense Secretary Chuck Hagel called President Donald Trump ""an embarrassment"" and said he ""is doing grea… https://t.co/RBu9ly88f8",-0.34,0.07,0.794,0.136
210,CNN,Mon Jan 15 03:31:21 +0000 2018,Here's a 2018 guide to Macau's best casinos https://t.co/NxOy7F0bLZ via @CNNTravel https://t.co/qiKuWFw8sY,0.6369,0.296,0.704,0.0
211,CNN,Mon Jan 15 03:30:05 +0000 2018,Pope Francis faces tensions on South America trip https://t.co/fgCzAXzNp2 https://t.co/nWNbl5PRMN,-0.4019,0.0,0.769,0.231
212,CNN,Mon Jan 15 03:19:41 +0000 2018,The NFL playoff game between the Pittsburgh Steelers and Jacksonville Jaguars went off without a hitch Sunday after… https://t.co/W8Cxr9AyxG,0.0,0.0,1.0,0.0
213,CNN,Mon Jan 15 03:06:51 +0000 2018,Republican Sen. Jeff Flake expected to deliver floor speech comparing Donald Trump's attacks on media to the rhetor… https://t.co/YdvUmj4SWe,-0.4404,0.0,0.861,0.139
214,CNN,Mon Jan 15 02:58:02 +0000 2018,"Pope Francis' trip to South America this week is supposed to be all about peace, unity and hope. But the pontiff co… https://t.co/7ahjjpVlOA",0.7506,0.234,0.766,0.0
215,CNN,Mon Jan 15 02:48:54 +0000 2018,What went wrong with Hawaii's false emergency alert https://t.co/fjy61y5FMG,-0.5423,0.158,0.432,0.41
216,CNN,Mon Jan 15 02:30:04 +0000 2018,Lawmakers bemoan backlash over President Trump's comments amid bipartisan push for DACA deal https://t.co/D7aieSPe9j https://t.co/GhpLsBugxt,0.0,0.0,1.0,0.0
217,CNN,Mon Jan 15 02:30:04 +0000 2018,This is how the missile detection and emergency messaging systems are supposed to work — and what went wrong in Haw… https://t.co/7iVBPidjFw,-0.6908,0.0,0.769,0.231
218,CNN,Mon Jan 15 02:25:51 +0000 2018,"'This place is a shithole' projected onto Trump hotel, with emojis https://t.co/DWVdDmSPUk",0.0,0.0,1.0,0.0
219,CNN,Mon Jan 15 02:08:25 +0000 2018,"A growing movement is targeting single-use plastic straws, which are not recyclable and often end up littering the… https://t.co/IdAcBXI7vh",0.1779,0.091,0.909,0.0
220,CNN,Mon Jan 15 05:09:27 +0000 2018,Palestinian Authority President Mahmoud Abbas appears to have confirmed reports that the Trump administration has e… https://t.co/8dq8El6pT2,0.0772,0.075,0.925,0.0
221,CNN,Mon Jan 15 04:56:49 +0000 2018,"""I am the least racist person you have ever interviewed."" 

US President Donald Trump tells reporters he is ""not a… https://t.co/MtlXANYUbc",0.4973,0.139,0.861,0.0
222,CNN,Mon Jan 15 04:32:15 +0000 2018,Reuters chief says journalists jailed in Myanmar need the public https://t.co/AqoUUA021H https://t.co/Mb9DksdwZN,-0.4939,0.0,0.775,0.225
223,CNN,Mon Jan 15 04:30:14 +0000 2018,Iran has released more than 400 people detained in anti-government protests that broke out across the country in la… https://t.co/JWjB2FnbeX,-0.7506,0.0,0.697,0.303
224,CNN,Mon Jan 15 04:30:11 +0000 2018,Diet Coke is introducing four new flavors and a skinnier can in a move targeted at Millennials… https://t.co/AJCy2ZDJEW,0.0,0.0,1.0,0.0
225,CNN,Mon Jan 15 04:22:10 +0000 2018,NBA Hall of Famer Dennis Rodman has been charged with DUI in California https://t.co/jUCB6rZpuZ https://t.co/oQ1MzmmfBi,-0.2023,0.0,0.886,0.114
226,CNN,Mon Jan 15 04:01:51 +0000 2018,This is how people in Hawaii reacted to the missile scare https://t.co/RGxi6lzXEz https://t.co/7wbiOuYRPf,-0.4939,0.0,0.789,0.211
227,CNN,Mon Jan 15 03:53:02 +0000 2018,Oil tanker burning in the East China Sea sinks https://t.co/fXyBozdAy7 https://t.co/TDxiPF4m3K,0.0,0.0,1.0,0.0
228,CNN,Mon Jan 15 03:47:03 +0000 2018,"As a citizen of Norway, I can tell you we're not flattered, but offended by President Trump's eagerness to have us… https://t.co/ABxifbiD8Y",0.6209,0.233,0.701,0.066
229,CNN,Mon Jan 15 03:41:06 +0000 2018,"Former US Defense Secretary Chuck Hagel called President Donald Trump ""an embarrassment"" and said he ""is doing grea… https://t.co/RBu9ly88f8",-0.34,0.07,0.794,0.136
230,CNN,Mon Jan 15 03:31:21 +0000 2018,Here's a 2018 guide to Macau's best casinos https://t.co/NxOy7F0bLZ via @CNNTravel https://t.co/qiKuWFw8sY,0.6369,0.296,0.704,0.0
231,CNN,Mon Jan 15 03:30:05 +0000 2018,Pope Francis faces tensions on South America trip https://t.co/fgCzAXzNp2 https://t.co/nWNbl5PRMN,-0.4019,0.0,0.769,0.231
232,CNN,Mon Jan 15 03:19:41 +0000 2018,The NFL playoff game between the Pittsburgh Steelers and Jacksonville Jaguars went off without a hitch Sunday after… https://t.co/W8Cxr9AyxG,0.0,0.0,1.0,0.0
233,CNN,Mon Jan 15 03:06:51 +0000 2018,Republican Sen. Jeff Flake expected to deliver floor speech comparing Donald Trump's attacks on media to the rhetor… https://t.co/YdvUmj4SWe,-0.4404,0.0,0.861,0.139
234,CNN,Mon Jan 15 02:58:02 +0000 2018,"Pope Francis' trip to South America this week is supposed to be all about peace, unity and hope. But the pontiff co… https://t.co/7ahjjpVlOA",0.7506,0.234,0.766,0.0
235,CNN,Mon Jan 15 02:48:54 +0000 2018,What went wrong with Hawaii's false emergency alert https://t.co/fjy61y5FMG,-0.5423,0.158,0.432,0.41
236,CNN,Mon Jan 15 02:30:04 +0000 2018,Lawmakers bemoan backlash over President Trump's comments amid bipartisan push for DACA deal https://t.co/D7aieSPe9j https://t.co/GhpLsBugxt,0.0,0.0,1.0,0.0
237,CNN,Mon Jan 15 02:30:04 +0000 2018,This is how the missile detection and emergency messaging systems are supposed to work — and what went wrong in Haw… https://t.co/7iVBPidjFw,-0.6908,0.0,0.769,0.231
238,CNN,Mon Jan 15 02:25:51 +0000 2018,"'This place is a shithole' projected onto Trump hotel, with emojis https://t.co/DWVdDmSPUk",0.0,0.0,1.0,0.0
239,CNN,Mon Jan 15 02:08:25 +0000 2018,"A growing movement is targeting single-use plastic straws, which are not recyclable and often end up littering the… https://t.co/IdAcBXI7vh",0.1779,0.091,0.909,0.0
240,CNN,Mon Jan 15 02:00:20 +0000 2018,"Donald Trump owes each and every American money, writes Dean Obeidallah for @CNNOpinion https://t.co/m6JA2YQRuw https://t.co/HIKd2YKp2g",0.0,0.0,1.0,0.0
241,CNN,Mon Jan 15 01:54:22 +0000 2018,Palestinian Authority President Mahmoud Abbas appears to have confirmed reports that the Trump administration has e… https://t.co/IarWjcTR36,0.0772,0.075,0.925,0.0
242,CNN,Mon Jan 15 01:39:04 +0000 2018,"""They made a mistake."" Donald Trump makes first comments about the false ballistic missile alert sent out by Hawaii… https://t.co/h2DXwJFtX2",0.296,0.109,0.891,0.0
243,CNN,Mon Jan 15 01:30:08 +0000 2018,Nearly 180 people have been killed in Syria's Eastern Ghouta in two weeks https://t.co/h12qDm3sdI https://t.co/H47o7fn2u4,-0.6705,0.0,0.757,0.243
244,CNN,Mon Jan 15 01:15:01 +0000 2018,"A member of Qatar's royal family has said he is being held against his will in the United Arab Emirates, a claim di… https://t.co/oZpLazCALD",0.4215,0.118,0.882,0.0
245,CNN,Mon Jan 15 01:06:43 +0000 2018,US President Donald Trump defended himself on Sunday night after several days of controversy over his remarks about… https://t.co/fDuwcKRkc9,0.0,0.0,1.0,0.0
246,CNN,Mon Jan 15 01:00:17 +0000 2018,A bipartisan group of New Jersey elected officials has teamed up to oppose President Trump's offshore drilling prop… https://t.co/CGFm69CuTg,0.0,0.0,1.0,0.0
247,CNN,Mon Jan 15 00:56:20 +0000 2018,"""I am the least racist person you have ever interviewed."" 

US President Donald Trump tells reporters he is ""not a… https://t.co/lVHf3DgznS",0.4973,0.139,0.861,0.0
248,CNN,Mon Jan 15 00:30:13 +0000 2018,Republican Sen. Jeff Flake of Arizona is expected to deliver a floor speech comparing President Trump's attacks on… https://t.co/vgFoMBXH6Z,-0.4404,0.0,0.854,0.146
249,CNN,Mon Jan 15 00:15:59 +0000 2018,"Passengers swim to safety after fire on casino shuttle boat north of Tampa, Florida https://t.co/cL1r0pLwhh https://t.co/bvSiNqZt64",0.1027,0.146,0.729,0.125
250,CNN,Mon Jan 15 00:00:19 +0000 2018,Facebook COO Sheryl Sandberg and Twitter CEO Jack Dorsey are off Disney's board https://t.co/U8ju0MmpcP https://t.co/nupNfNTEpB,0.0,0.0,1.0,0.0
251,CNN,Sun Jan 14 23:30:19 +0000 2018,"As a citizen of Norway, I can tell you we're not flattered, but offended by President Trump's eagerness to have us… https://t.co/xfkngzkOJ5",0.6209,0.233,0.701,0.066
252,CNN,Sun Jan 14 23:00:26 +0000 2018,"Republican Rep. Trey Gowdy steps down from the House Ethics Committee, citing ""challenging workload""… https://t.co/P6KESVqIna",0.1531,0.103,0.897,0.0
253,CNN,Sun Jan 14 22:45:11 +0000 2018,"Former Secretary of State Condoleezza Rice says ""nobody should try to impede"" special counselor Robert Mueller's in… https://t.co/XJhwoPl8b9",0.4019,0.137,0.863,0.0
254,CNN,Sun Jan 14 22:30:07 +0000 2018,Here is what it was like getting a false missile alert in Hawaii https://t.co/Fdb5p3gkB8 (via @CNNOpinion),0.5719,0.266,0.734,0.0
255,CNN,Sun Jan 14 22:15:07 +0000 2018,Former President Bill Clinton has denied accusations that his charity used donations for Haiti to pay for his daugh… https://t.co/QMdhhtwj2s,-0.4215,0.11,0.63,0.26
256,CNN,Sun Jan 14 22:00:22 +0000 2018,What it was like in Hawaii during the missile scare https://t.co/3LvS91y137 https://t.co/g3Cw5D8U0r,-0.1779,0.159,0.637,0.204
257,CNN,Sun Jan 14 21:45:11 +0000 2018,"Former Massachusetts Gov. Mitt Romney texted a friend that he plans to run for Senate this year, according to a new… https://t.co/R8RHd5PGWJ",0.4939,0.144,0.856,0.0
258,CNN,Sun Jan 14 21:30:40 +0000 2018,"Bill Murray debuts his Steve Bannon on ""SNL"" https://t.co/t7fEoWSvfv https://t.co/JHHg3LDfMy",0.0,0.0,1.0,0.0
259,CNN,Sun Jan 14 21:15:13 +0000 2018,Ford brings back the Ranger https://t.co/jsXQSDFQkl https://t.co/LpV0jNTNC0,0.0,0.0,1.0,0.0
260,CNN,Sun Jan 14 21:00:03 +0000 2018,"FCC Chairman Ajit Pai says an investigation into Hawaii's false missile alarm already is showing the state lacked ""… https://t.co/VRnQ8zSMkN",-0.34,0.0,0.888,0.112
261,CNN,Sun Jan 14 20:45:13 +0000 2018,Oil tanker burning in the East China Sea sinks https://t.co/1euEe3p3y3 https://t.co/QUDB7SLb4J,0.0,0.0,1.0,0.0
262,CNN,Sun Jan 14 20:30:04 +0000 2018,NBA Hall of Famer Dennis Rodman has been charged with DUI in California https://t.co/SC7WVnV5mv https://t.co/UXDeY8UTdY,-0.2023,0.0,0.886,0.114
263,CNN,Sun Jan 14 20:15:04 +0000 2018,"""The Handmaid's Tale"" season 2 has a premiere date https://t.co/tsr3hqVPP1 https://t.co/Jfd9dryyZd",0.0,0.0,1.0,0.0
264,CNN,Sun Jan 14 20:00:22 +0000 2018,"Former Secretary of State Condoleezza Rice says North Korean leader Kim Jong Un is ""turning out, much more so than… https://t.co/IugCXWZdrK",0.0,0.0,1.0,0.0
265,CNN,Sun Jan 14 19:45:03 +0000 2018,"Iranian President Hassan Rouhani says President Trump ""failed"" to kill off nuclear deal https://t.co/ie86Cf9DRu https://t.co/a1z7oSG0ln",-0.6908,0.0,0.749,0.251
266,CNN,Sun Jan 14 19:30:12 +0000 2018,At least 20 people are dead and others still are missing after mudslides in Southern California… https://t.co/U41PcnfZht,-0.7579,0.0,0.698,0.302
267,CNN,Sun Jan 14 19:15:03 +0000 2018,Tunisia plans social reforms in the wake of protests https://t.co/uTraFXWzLL https://t.co/wQmR2eFtbR,-0.2263,0.0,0.84,0.16
268,CNN,Sun Jan 14 19:00:12 +0000 2018,A deadly earthquake has shaken southern Peru https://t.co/f8ViS6UPT5 https://t.co/s8A2ivDlAD,-0.0772,0.0,0.843,0.157
269,CNN,Sun Jan 14 18:45:08 +0000 2018,The Israeli military says it has destroyed a mile-long tunnel that stretched from Gaza under Israel and into Egypt… https://t.co/LG3UgVMfc6,-0.4939,0.0,0.849,0.151
270,CNN,Sun Jan 14 18:30:06 +0000 2018,He's from El Salvador. They're American. President Trump could separate them. https://t.co/OvJP8k1bHU https://t.co/rRQ6ri7xdS,0.0,0.0,1.0,0.0
271,CNN,Sun Jan 14 18:15:08 +0000 2018,"Don't be fooled. Wall Street, not Main Street, is the big tax winner. https://t.co/zk9AqIAUDQ https://t.co/S3ukij0Cpr",0.717,0.315,0.685,0.0
272,CNN,Sun Jan 14 18:00:18 +0000 2018,"Bobby Zarin, the husband of former ""The Real Housewives of New York City"" cast member, dies at 71… https://t.co/AwSDzy82zA",0.0,0.0,1.0,0.0
273,CNN,Sun Jan 14 17:46:46 +0000 2018,"Democratic Rep. Tulsi Gabbard says the false ballistic missile warning in Hawaii was ""unacceptable""… https://t.co/kHHpFrh498",-0.34,0.0,0.854,0.146
274,CNN,Sun Jan 14 17:30:09 +0000 2018,"President Trump tweets that ""DACA is probably dead"" https://t.co/S3ltZk6F8Z https://t.co/vPh2oQy8gL",-0.6486,0.0,0.677,0.323
275,CNN,Sun Jan 14 17:15:05 +0000 2018,The White House has attacked the Wall Street Journal over an interview with President Trump https://t.co/i29jaWA1IA https://t.co/YJozfX2soe,-0.4588,0.0,0.842,0.158
276,CNN,Sun Jan 14 17:00:12 +0000 2018,"Republican Sen. David Perdue says President Trump didn't use the phrase ""shithole countries"" during a meeting with… https://t.co/OEefLfAHVy",0.0,0.0,1.0,0.0
277,CNN,Sun Jan 14 16:46:53 +0000 2018,"""[President Trump has] to understand this is a grown-up job, and he's got to start acting like it."" Former Virginia… https://t.co/exca8uuMDt",0.3612,0.116,0.884,0.0
278,CNN,Sun Jan 14 16:30:05 +0000 2018,"Democratic Rep. John Lewis calls President Trump ""racist"" and says he won't vote on government funding without DACA… https://t.co/mLplHlthib",0.0,0.0,1.0,0.0
279,CNN,Sun Jan 14 16:15:06 +0000 2018,"It's important for news audiences to hear certain words in association with President Trump, writes Jeff Yang for… https://t.co/mpxMdRieqd",0.4404,0.187,0.813,0.0
280,CNN,Sun Jan 14 16:02:41 +0000 2018,"""I can't defend the indefensible."" Republican Rep. Mia Love, the first Haitian-American elected to Congress, says P… https://t.co/yPnwiMz2Ib",0.4588,0.188,0.714,0.098
281,CNN,Sun Jan 14 15:48:19 +0000 2018,".@FareedZakaria on Trump: ""We appear to have returned to the 1920s. An era of unrestrained capitalism, giddy market… https://t.co/WzxflpapIp",-0.1531,0.0,0.918,0.082
282,CNN,Sun Jan 14 14:54:58 +0000 2018,".@jaketapper: Are you going to challenge Trump in 2020?

@TerryMcAuliffe: “I’m doing a big project on redistricting… https://t.co/B2ON5LxZRJ",0.0772,0.075,0.925,0.0
283,CNN,Sun Jan 14 14:46:59 +0000 2018,".@jaketapper: “Do you think President Trump is a racist?”

Former Virginia Gov. @TerryMcAuliffe: “I certainly think… https://t.co/yIqzFvlA0k",0.34,0.138,0.862,0.0
284,CNN,Sun Jan 14 14:46:44 +0000 2018,"Former Virginia Gov. Terry McAuliffe on President Trump’s immigration comments: “Disgraceful, disgusting. He just c… https://t.co/RGOEtY7wRR",-0.5267,0.0,0.815,0.185
285,CNN,Sun Jan 14 14:46:06 +0000 2018,".@jaketapper: “Were the comments racist, do you think?”

@RepMiaLove: “Well, I think they were, yes. I think they w… https://t.co/VQfIAJKYoR",-0.3182,0.119,0.705,0.176
286,CNN,Sun Jan 14 14:37:37 +0000 2018,"Haitian-American GOP Rep. Mia Love on President Trump’s immigration comments: ""At this point we can't look to Washi… https://t.co/jNo7JeVHSm",0.4588,0.179,0.726,0.094
287,CNN,Sun Jan 14 14:34:34 +0000 2018,GOP Rep. Mia Love on President Trump: “I still think that he should apologize. I think that there are people that a… https://t.co/gycLJk6R57,0.5267,0.209,0.709,0.082
288,CNN,Sun Jan 14 14:11:05 +0000 2018,"Rep. Tulsi Gabbard: “The fact that these processes failed so epically that caused this trauma, caused this terror a… https://t.co/ecg2MDHKTe",-0.8735,0.0,0.631,0.369
289,CNN,Sun Jan 14 14:10:35 +0000 2018,Hawaii Rep. Tulsi Gabbard on the false missile warning: “This was unacceptable that this happened but it really hig… https://t.co/qrmIaloSqR,-0.4019,0.0,0.829,0.171
290,CNN,Sun Jan 14 14:00:28 +0000 2018,"The Trump administration has eliminated or replaced references to climate change, renewable energy and similar topi… https://t.co/7yDrbsWzEW",0.2732,0.116,0.884,0.0
291,CNN,Sun Jan 14 13:01:50 +0000 2018,"In a 1999 interview with Larry King, Donald Trump said that his first choice for a running mate would be Oprah Winf… https://t.co/17GVsjc7Q2",0.0,0.0,1.0,0.0
292,CNN,Sun Jan 14 12:02:26 +0000 2018,"Dr. Allen Frances on Donald Trump: ""It's an insult to the mentally ill to say that the reason he shouldn't be in of… https://t.co/Hca2Huxxif",-0.7269,0.0,0.783,0.217
293,CNN,Sun Jan 14 11:01:03 +0000 2018,'The Boondocks' predicted an Oprah 2020 win... 12 years ago https://t.co/EZJ4VF6s3A https://t.co/tgkKE9hWAj,0.0,0.0,1.0,0.0
294,CNN,Sun Jan 14 10:01:01 +0000 2018,The US will not be prepared to defend against possible Russian meddling in the 2018 midterm elections or the 2020 p… https://t.co/j3xp6w0g9T,-0.1695,0.0,0.926,0.074
295,CNN,Sun Jan 14 08:03:10 +0000 2018,This teacher stood up at a school board meeting to criticize a superintendent's pay raise. Then she was handcuffed.… https://t.co/HGyOReTPo0,-0.4588,0.0,0.8,0.2
296,CNN,Sun Jan 14 07:01:26 +0000 2018,A Republican Kansas lawmaker stepped down from a leadership position after he said African-Americans were more susc… https://t.co/N7MCynXktT,0.0,0.0,1.0,0.0
297,CNN,Sun Jan 14 06:00:16 +0000 2018,"With a net worth of more than $105 billion, Jeff Bezos is now the richest person in history https://t.co/LvbIp13wU5 https://t.co/7JnaQdO7Fv",0.6486,0.238,0.762,0.0
298,CNN,Sun Jan 14 05:00:08 +0000 2018,"""This f------ idiot is the president. It's The Emperor's New Clothes -- the guy is a f------ fool... our baby-in-ch… https://t.co/y4rvw4Fsbf",-0.5106,0.0,0.852,0.148
299,CNN,Sun Jan 14 04:59:57 +0000 2018,"The Trump administration, citing a federal court order, resumes receiving renewal applications for individuals elig… https://t.co/gZsdF9mqHS",0.0,0.0,1.0,0.0
300,FoxNews,Mon Jan 15 05:24:03 +0000 2018,".@Nissan Chairman Carlos Ghosn: ""As a businessperson I just applaud this economy... You need to give this President… https://t.co/qhuMKmmqcP",0.4588,0.158,0.842,0.0
301,FoxNews,Mon Jan 15 04:59:02 +0000 2018,".@DiamondandSilk: ""@realDonaldTrump is not a racist. He's a realist. And the only color he sees is green and he wan… https://t.co/Ws3F2vRYdP",0.4973,0.152,0.848,0.0
302,FoxNews,Mon Jan 15 04:50:01 +0000 2018,".@CortesSteve: Instead of criticizing Trump on immigration issues, we should thank him for doing his job… https://t.co/IqxkPC9sln",0.0,0.125,0.75,0.125
303,FoxNews,Mon Jan 15 04:49:05 +0000 2018,".@Varneyco: ""President Trump is not getting the credit that he deserves."" https://t.co/vhprbO6t4z",-0.2924,0.0,0.834,0.166
304,FoxNews,Mon Jan 15 04:46:03 +0000 2018,Poll: Do you think race relations in the U.S. are getting worse or staying the same? https://t.co/6aTtYMHtKF,-0.4767,0.0,0.838,0.162
305,FoxNews,Mon Jan 15 04:44:04 +0000 2018,First indictment in Uranium One probe. https://t.co/UTTuQiMz1T,0.0,0.0,1.0,0.0
306,FoxNews,Mon Jan 15 04:43:06 +0000 2018,".@AlvedaCKing: ""Uncle ML, Martin Luther King Jr., was considered to be an agitator, an outsider sometimes - and it… https://t.co/MAngCMLt55",-0.34,0.0,0.882,0.118
307,FoxNews,Mon Jan 15 04:40:02 +0000 2018,.@JustinTrudeau on Abortion: 'Restricting Women's Rights' Not In Line With Society https://t.co/IluBxuENNq https://t.co/FiPWlBBiZs,-0.3818,0.0,0.822,0.178
308,FoxNews,Mon Jan 15 04:34:03 +0000 2018,".@DennisPrager: ""Folks on the left are trying to do on the Internet at @Google?-@YouTube... what the left is doing… https://t.co/QfM4WipHvc",0.0,0.0,1.0,0.0
309,FoxNews,Mon Jan 15 04:28:02 +0000 2018,"On @foxandfriends, @Varneyco praised the economic impact of President @realDonaldTrump. https://t.co/Tq0Mvlvgma https://t.co/JeGOy52MLk",0.4939,0.225,0.775,0.0
310,FoxNews,Mon Jan 15 04:22:05 +0000 2018,".@NigerInnisCORE: ""It could be a raining thunderstorm outside and @POTUS could give Lewis and 'Mad Max'… https://t.co/eIFGqWvjNa",-0.4939,0.0,0.824,0.176
311,FoxNews,Mon Jan 15 04:16:07 +0000 2018,Poll: Do you think race relations in the U.S. are good or bad? https://t.co/ydWt1XLpQr,-0.1531,0.158,0.652,0.19
312,FoxNews,Mon Jan 15 04:12:03 +0000 2018,"This morning, President @realDonaldTrump declared that ""DACA is probably dead."" https://t.co/rmJNZSMcH1 https://t.co/iMXz7UKLIg",0.0,0.0,1.0,0.0
313,FoxNews,Mon Jan 15 04:06:05 +0000 2018,".@DiamondandSilk: ""It sounds like @BarackObama is living on a planet in La La Land. He's the one who's running arou… https://t.co/cSbitN4GZo",0.3612,0.116,0.884,0.0
314,FoxNews,Mon Jan 15 04:00:04 +0000 2018,"On @FoxNewsSunday, California @AGBecerra stated that President @realDonaldTrump is a racist. https://t.co/uWy1ElA9il https://t.co/6BZiApqAL4",-0.6124,0.0,0.733,0.267
315,FoxNews,Mon Jan 15 03:55:06 +0000 2018,"Joe Arpaio on running for Senate in Arizona: ""I never had a hero, it took me 75 years to find a hero, and that's… https://t.co/3ikhbqRzNq",-0.7048,0.0,0.782,0.218
316,FoxNews,Mon Jan 15 03:47:00 +0000 2018,"Drugged driver crashes car into second story of California building, officials say https://t.co/wUmpA3CPHT",0.0,0.0,1.0,0.0
317,FoxNews,Mon Jan 15 03:41:00 +0000 2018,Georgia high school janitor accused of spying on girl's locker room https://t.co/noz0j8ezp2,-0.296,0.0,0.833,0.167
318,FoxNews,Mon Jan 15 03:36:00 +0000 2018,"Palestinian leader Abbas rips Trump, vows 'we will slap back' at president https://t.co/9jOdqPJCKb",0.1531,0.118,0.882,0.0
319,FoxNews,Mon Jan 15 03:31:00 +0000 2018,Thai junta boss eyes staying on with little stopping him https://t.co/wnTAXck6Qy,-0.079,0.0,0.884,0.116
320,FoxNews,Mon Jan 15 05:24:03 +0000 2018,".@Nissan Chairman Carlos Ghosn: ""As a businessperson I just applaud this economy... You need to give this President… https://t.co/qhuMKmmqcP",0.4588,0.158,0.842,0.0
321,FoxNews,Mon Jan 15 04:59:02 +0000 2018,".@DiamondandSilk: ""@realDonaldTrump is not a racist. He's a realist. And the only color he sees is green and he wan… https://t.co/Ws3F2vRYdP",0.4973,0.152,0.848,0.0
322,FoxNews,Mon Jan 15 04:50:01 +0000 2018,".@CortesSteve: Instead of criticizing Trump on immigration issues, we should thank him for doing his job… https://t.co/IqxkPC9sln",0.0,0.125,0.75,0.125
323,FoxNews,Mon Jan 15 04:49:05 +0000 2018,".@Varneyco: ""President Trump is not getting the credit that he deserves."" https://t.co/vhprbO6t4z",-0.2924,0.0,0.834,0.166
324,FoxNews,Mon Jan 15 04:46:03 +0000 2018,Poll: Do you think race relations in the U.S. are getting worse or staying the same? https://t.co/6aTtYMHtKF,-0.4767,0.0,0.838,0.162
325,FoxNews,Mon Jan 15 04:44:04 +0000 2018,First indictment in Uranium One probe. https://t.co/UTTuQiMz1T,0.0,0.0,1.0,0.0
326,FoxNews,Mon Jan 15 04:43:06 +0000 2018,".@AlvedaCKing: ""Uncle ML, Martin Luther King Jr., was considered to be an agitator, an outsider sometimes - and it… https://t.co/MAngCMLt55",-0.34,0.0,0.882,0.118
327,FoxNews,Mon Jan 15 04:40:02 +0000 2018,.@JustinTrudeau on Abortion: 'Restricting Women's Rights' Not In Line With Society https://t.co/IluBxuENNq https://t.co/FiPWlBBiZs,-0.3818,0.0,0.822,0.178
328,FoxNews,Mon Jan 15 04:34:03 +0000 2018,".@DennisPrager: ""Folks on the left are trying to do on the Internet at @Google?-@YouTube... what the left is doing… https://t.co/QfM4WipHvc",0.0,0.0,1.0,0.0
329,FoxNews,Mon Jan 15 04:28:02 +0000 2018,"On @foxandfriends, @Varneyco praised the economic impact of President @realDonaldTrump. https://t.co/Tq0Mvlvgma https://t.co/JeGOy52MLk",0.4939,0.225,0.775,0.0
330,FoxNews,Mon Jan 15 04:22:05 +0000 2018,".@NigerInnisCORE: ""It could be a raining thunderstorm outside and @POTUS could give Lewis and 'Mad Max'… https://t.co/eIFGqWvjNa",-0.4939,0.0,0.824,0.176
331,FoxNews,Mon Jan 15 04:16:07 +0000 2018,Poll: Do you think race relations in the U.S. are good or bad? https://t.co/ydWt1XLpQr,-0.1531,0.158,0.652,0.19
332,FoxNews,Mon Jan 15 04:12:03 +0000 2018,"This morning, President @realDonaldTrump declared that ""DACA is probably dead."" https://t.co/rmJNZSMcH1 https://t.co/iMXz7UKLIg",0.0,0.0,1.0,0.0
333,FoxNews,Mon Jan 15 04:06:05 +0000 2018,".@DiamondandSilk: ""It sounds like @BarackObama is living on a planet in La La Land. He's the one who's running arou… https://t.co/cSbitN4GZo",0.3612,0.116,0.884,0.0
334,FoxNews,Mon Jan 15 04:00:04 +0000 2018,"On @FoxNewsSunday, California @AGBecerra stated that President @realDonaldTrump is a racist. https://t.co/uWy1ElA9il https://t.co/6BZiApqAL4",-0.6124,0.0,0.733,0.267
335,FoxNews,Mon Jan 15 03:55:06 +0000 2018,"Joe Arpaio on running for Senate in Arizona: ""I never had a hero, it took me 75 years to find a hero, and that's… https://t.co/3ikhbqRzNq",-0.7048,0.0,0.782,0.218
336,FoxNews,Mon Jan 15 03:47:00 +0000 2018,"Drugged driver crashes car into second story of California building, officials say https://t.co/wUmpA3CPHT",0.0,0.0,1.0,0.0
337,FoxNews,Mon Jan 15 03:41:00 +0000 2018,Georgia high school janitor accused of spying on girl's locker room https://t.co/noz0j8ezp2,-0.296,0.0,0.833,0.167
338,FoxNews,Mon Jan 15 03:36:00 +0000 2018,"Palestinian leader Abbas rips Trump, vows 'we will slap back' at president https://t.co/9jOdqPJCKb",0.1531,0.118,0.882,0.0
339,FoxNews,Mon Jan 15 03:31:00 +0000 2018,Thai junta boss eyes staying on with little stopping him https://t.co/wnTAXck6Qy,-0.079,0.0,0.884,0.116
340,FoxNews,Mon Jan 15 03:25:06 +0000 2018,"Rescuers search homes off East Valley Road in Montecito, California after deadly mudslides pummeled parts of Southe… https://t.co/TFhJjYDoUc",0.0,0.0,1.0,0.0
341,FoxNews,Mon Jan 15 03:25:03 +0000 2018,Hawaii's false missile threat: Worker who pushed wrong button to be reassigned https://t.co/eHb9oquMzb,-0.7579,0.0,0.629,0.371
342,FoxNews,Mon Jan 15 03:15:00 +0000 2018,"GOP senator Perdue comes to Trump's defense after 's---hole' outcry, questions Durbin's credibility https://t.co/27zpSBRH9l",-0.4215,0.089,0.714,0.196
343,FoxNews,Mon Jan 15 03:08:23 +0000 2018,".@CortesSteve: Instead of criticizing @realDonaldTrump on immigration issues, we should thank him for doing his job https://t.co/0veqK9tX4p",0.0,0.125,0.75,0.125
344,FoxNews,Mon Jan 15 03:06:53 +0000 2018,"RT @FoxNewsResearch: ISIS-related cases in the U.S. ?
•42% of cases involved individuals born outside U.S.
•Most common countries of origin…",0.0,0.0,1.0,0.0
345,FoxNews,Mon Jan 15 03:05:02 +0000 2018,JANUARY 20th: @TeamCavuto is LIVE in Washington for 2 hours - Don't miss #Cavuto Live every Saturday from 10a to 12… https://t.co/BpGDGHakWQ,0.1139,0.071,0.929,0.0
346,FoxNews,Mon Jan 15 02:57:00 +0000 2018,Liam Neeson sees 'a bit of a witch hunt' in Hollywood's sexual misconduct scandals https://t.co/lEs1xT2eu8,-0.6908,0.0,0.678,0.322
347,FoxNews,Mon Jan 15 02:49:00 +0000 2018,Medieval Times introduces female lead for first time in 34-year history https://t.co/vAd5UOTRZu,0.0,0.0,1.0,0.0
348,FoxNews,Mon Jan 15 02:45:12 +0000 2018,Koreas discuss Northern art troupe's planned visit during Olympics https://t.co/6YDNdPJYKq,0.0,0.0,1.0,0.0
349,FoxNews,Mon Jan 15 02:32:22 +0000 2018,".@ConanOBrien jabs @realDonaldTrump, announces he's taking his show to Haiti https://t.co/JlPGH4gvzM",0.0,0.0,1.0,0.0
350,FoxNews,Mon Jan 15 02:22:59 +0000 2018,".@LucyFlores on DACA: ""You're not against Dreamers because you're not for spending unnecessary tax dollars... what… https://t.co/J7w7vLw0Uc",0.0,0.0,1.0,0.0
351,FoxNews,Mon Jan 15 02:19:36 +0000 2018,".@jasoninthehouse on DACA: ""I do think think we can actually solve these problems but the Democrats have gotta be t… https://t.co/WjiGLFq48e",-0.1154,0.063,0.854,0.083
352,FoxNews,Mon Jan 15 02:17:02 +0000 2018,.@realDonaldTrump denied claims that he's a racist following allegations of a vulgar comment that lawmakers said he… https://t.co/BXbV7lYAGA,-0.7845,0.0,0.67,0.33
353,FoxNews,Mon Jan 15 02:16:44 +0000 2018,".@jasoninthehouse: ""The fact that [@POTUS] is actually talking about [DACA] and the Democrats don't even wanna show… https://t.co/8WXJmMPLTQ",0.0,0.0,1.0,0.0
354,FoxNews,Mon Jan 15 02:09:22 +0000 2018,".@LisaMarieBoothe on DACA: ""Democrats and [@POTUS] are pretty far apart about what they want to accomplish.""… https://t.co/NI1ORHba65",0.5423,0.231,0.769,0.0
355,FoxNews,Mon Jan 15 02:07:00 +0000 2018,Minnesota Vikings shock New Orleans Saints with final-play TD https://t.co/bdbAPyi6d9,-0.3818,0.0,0.776,0.224
356,FoxNews,Mon Jan 15 02:05:34 +0000 2018,"Aziz Ansari responds to accusation of sexual harassment by NYC woman, 23 https://t.co/UO4X2TcGei",-0.6705,0.0,0.667,0.333
357,FoxNews,Mon Jan 15 01:35:32 +0000 2018,"Civil Rights Attorney Leo Terrell: ""Middle America loves @Oprah, and that's Donald #Trump's biggest fear.""… https://t.co/JPAwGvUyTh",0.5719,0.198,0.802,0.0
358,FoxNews,Mon Jan 15 01:34:01 +0000 2018,".@RedPillBlack: ""I don't think the Democratic Party cares so much what [@Oprah] knows, they think about what she re… https://t.co/Ljg0gXHGvc",0.6908,0.241,0.759,0.0
359,FoxNews,Mon Jan 15 01:29:05 +0000 2018,".@POTUS says Dems don't want to make DACA deal, adds he's 'not a racist' https://t.co/fazwUGaT6N",0.4585,0.196,0.73,0.074
360,FoxNews,Mon Jan 15 01:28:10 +0000 2018,Jim Carrey and other stars share updates from Hawaii following ballistic-missile false alarm https://t.co/KSNTUmFT0R,-0.0516,0.133,0.723,0.145
361,FoxNews,Mon Jan 15 01:27:33 +0000 2018,"Civil Rights Attorney Leo Terrell: ""@Oprah has likability. In the last 24 hours, Donald #Trump doesn't have that. T… https://t.co/bLskyWYGO7",0.0,0.0,1.0,0.0
362,FoxNews,Mon Jan 15 01:19:16 +0000 2018,"OPINION: Baby steps, America. The 'but so-and-so did it first!' defense is for toddlers, not national discourse (vi… https://t.co/p7SeibPV3G",0.2598,0.102,0.898,0.0
363,FoxNews,Mon Jan 15 01:15:05 +0000 2018,Canada's Trudeau: 'Removing Access to Abortion' Not In Line With Society https://t.co/IluBxuncVS,0.0,0.0,1.0,0.0
364,FoxNews,Mon Jan 15 01:12:35 +0000 2018,University to review appearance by @benshapiro https://t.co/yCReTZKZWn,0.0,0.0,1.0,0.0
365,FoxNews,Mon Jan 15 01:07:46 +0000 2018,".@GaryKaltbaum: ""This whole tax thing has been not just a home run, but a grand slam."" https://t.co/VDfTaaDh50 https://t.co/LGawc1qnBI",0.6124,0.211,0.789,0.0
366,FoxNews,Mon Jan 15 01:03:43 +0000 2018,Casino boat catches fire off Florida with 50 passengers aboard https://t.co/cvTRuWVaoe,-0.3182,0.088,0.72,0.192
367,FoxNews,Mon Jan 15 00:51:50 +0000 2018,"Moments ago, President @realDonaldTrump answered reporter questions about DACA as a government shutdown looms.… https://t.co/fXSBPIvUjU",0.0,0.0,1.0,0.0
368,FoxNews,Mon Jan 15 00:35:00 +0000 2018,"Colorado nurse, 20, dies in bungee jumping accident https://t.co/IJQiEwGB96 #FoxNewsUS",-0.4767,0.0,0.744,0.256
369,FoxNews,Mon Jan 15 00:22:20 +0000 2018,"RT @EricShawnTV: ""We thank President Trump,""say #IranProtesters, who praise the American public for their support.  Here's my exclusive wit…",0.8519,0.407,0.593,0.0
370,FoxNews,Mon Jan 15 00:21:19 +0000 2018,".@POTUS: ""The folks from DACA should know the Democrats are the ones that aren't going to make a deal.""… https://t.co/HdDOBtYCWc",0.0,0.0,1.0,0.0
371,FoxNews,Mon Jan 15 00:19:40 +0000 2018,".@POTUS: ""We're ready, willing and able to make a deal on DACA."" https://t.co/DAb1fmVnvw",0.3612,0.185,0.815,0.0
372,FoxNews,Mon Jan 15 00:09:14 +0000 2018,"Defense Attorney Robert Schalk on possible #Trump interview with Mueller: ""[@POTUS] could be opening himself up...t… https://t.co/5FHthYxRfG",0.128,0.086,0.914,0.0
373,FoxNews,Mon Jan 15 00:08:28 +0000 2018,".@POTUS criticizes Democrats over DACA as government shutdown looms, Phil Keating reports. https://t.co/JejH8Wa6XM https://t.co/nyNRSCFSLt",-0.4588,0.0,0.75,0.25
374,FoxNews,Sun Jan 14 23:58:50 +0000 2018,Eliza Dushku: 'True Lies' stunt coordinator Joel Kramer molested me when I was 12 https://t.co/suuRJ89MXV,-0.4404,0.144,0.564,0.292
375,FoxNews,Sun Jan 14 23:56:22 +0000 2018,".@gen_jackkeane on talks between North Korea and South Korea: ""We need to have some skepticism about these negotiat… https://t.co/3xGbT3o8CW",-0.25,0.0,0.9,0.1
376,FoxNews,Sun Jan 14 23:53:24 +0000 2018,"RT @FoxNewsResearch: World’s Largest Active Armed Forces:
1. China: 2.3 million
2. India: 1.4 million
3. U.S.: 1.3 million
4. North Korea:…",0.4019,0.114,0.886,0.0
377,FoxNews,Sun Jan 14 23:50:40 +0000 2018,Liam Neeson believes gender wage gap is 'disgraceful' but will not take a pay cut https://t.co/oFDyM5O7vD,0.395,0.22,0.78,0.0
378,FoxNews,Sun Jan 14 23:50:40 +0000 2018,".@gen_jackkeane on Hawaii's false missile threat: ""They made a mistake here and they [have] a bad system. They [hav… https://t.co/nCTNAdtS6m",-0.8519,0.0,0.617,0.383
379,FoxNews,Sun Jan 14 23:46:37 +0000 2018,".@gen_jackkeane: ""We have the capacity to track any missile launch, any place in the world, through our satellites… https://t.co/j6IA3W2r5f",0.0,0.0,1.0,0.0
380,FoxNews,Sun Jan 14 23:43:34 +0000 2018,OPINION: Want to live longer? The US system of free-market investment in cures is the answer (via @FoxNewsOpinion) https://t.co/mbJUyAUvyw,0.0772,0.067,0.933,0.0
381,FoxNews,Sun Jan 14 23:36:50 +0000 2018,Casino boat catches fire off Florida with 50 passengers aboard; 1 reported missing https://t.co/yWlg0XX9j5,-0.5423,0.07,0.637,0.293
382,FoxNews,Sun Jan 14 23:35:20 +0000 2018,"Anti-government protesters in Iran thank President #Trump for his support, @EricShawnTV reports.… https://t.co/Fdk9huX1ZA",0.5106,0.304,0.585,0.111
383,FoxNews,Sun Jan 14 23:31:25 +0000 2018,Hawaii's false missile threat: Worker 'feels terrible' after pushing the wrong button https://t.co/HW0WY2Eyhm,-0.8625,0.0,0.51,0.49
384,FoxNews,Sun Jan 14 23:28:59 +0000 2018,".@akarl_smith: ""Immigration is really #Trump's signature issue, so any acceptance by him on a bipartisan deal...he… https://t.co/wBeWtP3dDm",0.507,0.179,0.821,0.0
385,FoxNews,Sun Jan 14 23:17:32 +0000 2018,Hawaii false alarm raises concerns over U.S. preparedness in case of a real threat https://t.co/qJu9Jmyz66 https://t.co/oZ634ELLij,-0.7003,0.0,0.691,0.309
386,FoxNews,Sun Jan 14 23:14:12 +0000 2018,".@VP laid a wreath at the Martin Luther King, Jr. National Memorial with Second Lady Karen Pence ahead of #MLK Day. https://t.co/OS7FHGrpVf",0.0,0.0,1.0,0.0
387,FoxNews,Sun Jan 14 23:11:39 +0000 2018,"Actress Ashley Judd commends Franco's 'culpability,' calls it 'terrific' https://t.co/7aiO6BgTKx",0.0,0.0,1.0,0.0
388,FoxNews,Sun Jan 14 22:52:01 +0000 2018,"'Deplorable' NYU prof sues university, colleagues for defamation https://t.co/zErxOgzLiI",0.0,0.0,1.0,0.0
389,FoxNews,Sun Jan 14 22:42:31 +0000 2018,"2 women arrested after Texas apartment meth lab explodes with child inside, police say https://t.co/m3ieBUo0h2",-0.4767,0.0,0.807,0.193
390,FoxNews,Sun Jan 14 22:34:54 +0000 2018,".@RajShah45: ""@POTUS wants to see real border security. He wants to see movement on chain migration and ending the… https://t.co/Po6mwXrx8q",0.34,0.112,0.888,0.0
391,FoxNews,Sun Jan 14 22:34:14 +0000 2018,RT @EricShawnTV: I anchor @FoxNews at 6pm ET and again tomorrow morning on @AmericaNewsroom. Today #Hawaii Rep. @TulsiGabbard said that @PO…,0.0,0.0,1.0,0.0
392,FoxNews,Sun Jan 14 22:32:33 +0000 2018,UK politician's model girlfriend suspended after reported 'vile' Meghan Markle remarks https://t.co/RRTWldTttq,-0.4767,0.0,0.78,0.22
393,FoxNews,Sun Jan 14 22:28:21 +0000 2018,Taylor Swift told to beware gun-seeking 'boyfriend' by police officers https://t.co/2XEgKsRb3X,0.2023,0.153,0.847,0.0
394,FoxNews,Sun Jan 14 22:28:15 +0000 2018,Dow milestones since election. https://t.co/xei3jV9rQD,0.0,0.0,1.0,0.0
395,FoxNews,Sun Jan 14 22:24:40 +0000 2018,"On @foxandfriends, @Varneyco praised President @realDonaldTrump's economic record in comparison to his predecessor'… https://t.co/MIaIBTGk68",0.4939,0.198,0.802,0.0
396,FoxNews,Sun Jan 14 22:23:38 +0000 2018,".@GaryKaltbaum: ""This whole tax thing has been not just a home run, but a grand slam."" https://t.co/qDi6Jad4Zt",0.6124,0.222,0.778,0.0
397,FoxNews,Sun Jan 14 22:21:04 +0000 2018,".@DiamondandSilk: ""@realDonaldTrump is not a racist. He's a realist. And the only color he sees is green and he wan… https://t.co/TiHQBgVQ6G",0.4973,0.152,0.848,0.0
398,FoxNews,Sun Jan 14 22:15:40 +0000 2018,".@PeteHegseth: ""The Left loves to point at Americans who they don't like and say they're unacceptable. But when [… https://t.co/AMd9vq2mDx",-0.1053,0.143,0.659,0.198
399,FoxNews,Sun Jan 14 22:15:01 +0000 2018,.@dBongino: “I and many other people I’m communicating with on this collusion nonsense… really believe that this wa… https://t.co/orW0zrnlD4,0.0,0.0,1.0,0.0
400,nytimes,Mon Jan 15 05:18:32 +0000 2018,Detroit Auto Show May Be Celebrating an Era About to End https://t.co/vfYgjs0Mmi,0.5719,0.252,0.748,0.0
401,nytimes,Mon Jan 15 05:17:01 +0000 2018,Japan is scrambling to ensure it has a future in an electric-car world https://t.co/wcNjkiCz8t,0.3818,0.178,0.822,0.0
402,nytimes,Mon Jan 15 05:00:26 +0000 2018,“You make one mistake and it’s all gone” https://t.co/MnAyUcq0Jg,-0.34,0.0,0.769,0.231
403,nytimes,Mon Jan 15 04:42:52 +0000 2018,"""We swerved all of a sudden. The front of the plane crashed and the back was in the air. Everyone panicked."" https://t.co/6ZM7AdmpjU",0.0,0.0,1.0,0.0
404,nytimes,Mon Jan 15 04:25:18 +0000 2018,RT @NYTHealth: Germany and other countries have health care systems that don't allow people with diabetes and other chronic illnesses to go…,-0.1695,0.118,0.702,0.18
405,nytimes,Mon Jan 15 04:07:54 +0000 2018,"Doug Harvey, Hall of Fame Umpire Whom Players Called God, Dies at 87 https://t.co/4MND81qAdm",0.6124,0.294,0.706,0.0
406,nytimes,Mon Jan 15 03:57:48 +0000 2018,"In Iran, Protester ‘Suicides’ Stir Anger and Calls for Accountability https://t.co/ipFcTXrdPU",-0.5719,0.0,0.73,0.27
407,nytimes,Mon Jan 15 03:54:37 +0000 2018,"The Saturday Profile: Cairo’s Lawsuit King Sues Actors, Belly Dancers, Even Puppet Shows https://t.co/9aTTItWgPH",-0.2263,0.0,0.872,0.128
408,nytimes,Mon Jan 15 03:47:51 +0000 2018,"When a woman was raped in a Brooklyn park in 1994, a columnist called it a hoax. But new DNA testing has solved the… https://t.co/r9ymHZJG43",-0.6808,0.078,0.672,0.25
409,nytimes,Mon Jan 15 03:31:40 +0000 2018,Review: A Fantasy Town Builds a Wall Against Time in ‘Ballyturk’ https://t.co/DX8gucTmZA,0.0,0.0,1.0,0.0
410,nytimes,Mon Jan 15 03:30:20 +0000 2018,Go gray https://t.co/nXX1Fg4cXh,0.0,0.0,1.0,0.0
411,nytimes,Mon Jan 15 03:11:26 +0000 2018,False Missile Alert Looms as a Black Eye for Hawaii and Its Governor https://t.co/cKivw4Lp8R,0.1531,0.149,0.743,0.108
412,nytimes,Mon Jan 15 03:08:23 +0000 2018,Secret Tunnel in Berlin Is an Echo From the Cold War https://t.co/6TP8ugbXRc,-0.5994,0.0,0.738,0.262
413,nytimes,Mon Jan 15 02:59:58 +0000 2018,"RT @nytimesarts: In the battle of the peak-TV queens, it's Victoria's turn https://t.co/JJ8nOjD3sw",-0.3818,0.0,0.822,0.178
414,nytimes,Mon Jan 15 02:42:05 +0000 2018,"""We fully felt like we were about to die. I drove to try to get to my kids even though I knew I probably wouldn't m… https://t.co/7QiaxcR3Kp",-0.2782,0.097,0.767,0.136
415,nytimes,Mon Jan 15 02:22:26 +0000 2018,"‘I’m Not a Racist,’ Trump Says in Denying Vulgar Comment https://t.co/ZKVU1jeUvj",-0.34,0.0,0.789,0.211
416,nytimes,Mon Jan 15 02:09:54 +0000 2018,"Male sea turtles are disappearing from Australia’s Great Barrier Reef, a new study suggests https://t.co/zjW4rysnUz",0.5574,0.233,0.682,0.085
417,nytimes,Mon Jan 15 01:55:56 +0000 2018,"Breaking News: ""I'm not a racist."" President Trump insisted again on Sunday that he did not make a vulgar comment l… https://t.co/NUWF6ipxCm",0.0,0.0,1.0,0.0
418,nytimes,Mon Jan 15 01:49:14 +0000 2018,Vikings Shock Saints on Last-Second Touchdown by Stefon Diggs https://t.co/l8VlsKxwQe,-0.3818,0.0,0.776,0.224
419,nytimes,Mon Jan 15 01:41:54 +0000 2018,"""You can't look down to read the speech, you have to take the speech up. Because if you did your neck would break.""… https://t.co/CqxEpjEwpZ",0.0,0.0,1.0,0.0
420,nytimes,Mon Jan 15 05:18:32 +0000 2018,Detroit Auto Show May Be Celebrating an Era About to End https://t.co/vfYgjs0Mmi,0.5719,0.252,0.748,0.0
421,nytimes,Mon Jan 15 05:17:01 +0000 2018,Japan is scrambling to ensure it has a future in an electric-car world https://t.co/wcNjkiCz8t,0.3818,0.178,0.822,0.0
422,nytimes,Mon Jan 15 05:00:26 +0000 2018,“You make one mistake and it’s all gone” https://t.co/MnAyUcq0Jg,-0.34,0.0,0.769,0.231
423,nytimes,Mon Jan 15 04:42:52 +0000 2018,"""We swerved all of a sudden. The front of the plane crashed and the back was in the air. Everyone panicked."" https://t.co/6ZM7AdmpjU",0.0,0.0,1.0,0.0
424,nytimes,Mon Jan 15 04:25:18 +0000 2018,RT @NYTHealth: Germany and other countries have health care systems that don't allow people with diabetes and other chronic illnesses to go…,-0.1695,0.118,0.702,0.18
425,nytimes,Mon Jan 15 04:07:54 +0000 2018,"Doug Harvey, Hall of Fame Umpire Whom Players Called God, Dies at 87 https://t.co/4MND81qAdm",0.6124,0.294,0.706,0.0
426,nytimes,Mon Jan 15 03:57:48 +0000 2018,"In Iran, Protester ‘Suicides’ Stir Anger and Calls for Accountability https://t.co/ipFcTXrdPU",-0.5719,0.0,0.73,0.27
427,nytimes,Mon Jan 15 03:54:37 +0000 2018,"The Saturday Profile: Cairo’s Lawsuit King Sues Actors, Belly Dancers, Even Puppet Shows https://t.co/9aTTItWgPH",-0.2263,0.0,0.872,0.128
428,nytimes,Mon Jan 15 03:47:51 +0000 2018,"When a woman was raped in a Brooklyn park in 1994, a columnist called it a hoax. But new DNA testing has solved the… https://t.co/r9ymHZJG43",-0.6808,0.078,0.672,0.25
429,nytimes,Mon Jan 15 03:31:40 +0000 2018,Review: A Fantasy Town Builds a Wall Against Time in ‘Ballyturk’ https://t.co/DX8gucTmZA,0.0,0.0,1.0,0.0
430,nytimes,Mon Jan 15 03:30:20 +0000 2018,Go gray https://t.co/nXX1Fg4cXh,0.0,0.0,1.0,0.0
431,nytimes,Mon Jan 15 03:11:26 +0000 2018,False Missile Alert Looms as a Black Eye for Hawaii and Its Governor https://t.co/cKivw4Lp8R,0.1531,0.149,0.743,0.108
432,nytimes,Mon Jan 15 03:08:23 +0000 2018,Secret Tunnel in Berlin Is an Echo From the Cold War https://t.co/6TP8ugbXRc,-0.5994,0.0,0.738,0.262
433,nytimes,Mon Jan 15 02:59:58 +0000 2018,"RT @nytimesarts: In the battle of the peak-TV queens, it's Victoria's turn https://t.co/JJ8nOjD3sw",-0.3818,0.0,0.822,0.178
434,nytimes,Mon Jan 15 02:42:05 +0000 2018,"""We fully felt like we were about to die. I drove to try to get to my kids even though I knew I probably wouldn't m… https://t.co/7QiaxcR3Kp",-0.2782,0.097,0.767,0.136
435,nytimes,Mon Jan 15 02:22:26 +0000 2018,"‘I’m Not a Racist,’ Trump Says in Denying Vulgar Comment https://t.co/ZKVU1jeUvj",-0.34,0.0,0.789,0.211
436,nytimes,Mon Jan 15 02:09:54 +0000 2018,"Male sea turtles are disappearing from Australia’s Great Barrier Reef, a new study suggests https://t.co/zjW4rysnUz",0.5574,0.233,0.682,0.085
437,nytimes,Mon Jan 15 01:55:56 +0000 2018,"Breaking News: ""I'm not a racist."" President Trump insisted again on Sunday that he did not make a vulgar comment l… https://t.co/NUWF6ipxCm",0.0,0.0,1.0,0.0
438,nytimes,Mon Jan 15 01:49:14 +0000 2018,Vikings Shock Saints on Last-Second Touchdown by Stefon Diggs https://t.co/l8VlsKxwQe,-0.3818,0.0,0.776,0.224
439,nytimes,Mon Jan 15 01:41:54 +0000 2018,"""You can't look down to read the speech, you have to take the speech up. Because if you did your neck would break.""… https://t.co/CqxEpjEwpZ",0.0,0.0,1.0,0.0
440,nytimes,Mon Jan 15 01:22:55 +0000 2018,"""You can't look down to read the speech, you have to take the speech up. Because if you did your neck would break.""… https://t.co/yan4tsOORc",0.0,0.0,1.0,0.0
441,nytimes,Mon Jan 15 01:04:22 +0000 2018,President Trump accused The Wall Street Journal of purposely misquoting him. The Journal responded by posting an au… https://t.co/HhluE5bIs5,-0.296,0.0,0.891,0.109
442,nytimes,Mon Jan 15 00:47:03 +0000 2018,Essay: The Poet of Light https://t.co/2vn1TEtBSN,0.0,0.0,1.0,0.0
443,nytimes,Mon Jan 15 00:41:27 +0000 2018,"""The risk of accidental nuclear war is not hypothetical — accidents have happened in the past, and humans will err… https://t.co/uetTDZsMuI",-0.6529,0.078,0.633,0.289
444,nytimes,Mon Jan 15 00:24:05 +0000 2018,Military Quietly Prepares for a Last Resort: War With North Korea https://t.co/wS6mIkgOHl,-0.5994,0.0,0.719,0.281
445,nytimes,Mon Jan 15 00:20:30 +0000 2018,"Missouri’s Combative Governor, Deep in Scandal, Puts on the Charm https://t.co/VFpPcoDS4l",-0.0516,0.185,0.616,0.199
446,nytimes,Mon Jan 15 00:18:48 +0000 2018,What does the false missile alert in Hawaii tell us about these government-run warning systems? That they need majo… https://t.co/UDeoSKSwC4,-0.0516,0.097,0.796,0.106
447,nytimes,Mon Jan 15 00:00:20 +0000 2018,A Republican senator who was at the White House immigration meeting said President Trump did not use a vulgarity to… https://t.co/rGfKAmEWbl,0.0,0.0,1.0,0.0
448,nytimes,Sun Jan 14 23:35:56 +0000 2018,Op-Ed Contributor: How the Other Half Lives in Iran https://t.co/X6m7ZC5XTP,0.0,0.0,1.0,0.0
449,nytimes,Sun Jan 14 23:30:28 +0000 2018,RT @nytopinion: President Trump's actions break with years of American nuclear policy. They also make it harder to persuade other nations t…,0.0,0.0,1.0,0.0
450,nytimes,Sun Jan 14 23:09:05 +0000 2018,Darren Criss Plays the Happy-Go-Lucky Killer in the Versace TV Drama https://t.co/PuXylc9q3N,-0.5106,0.123,0.613,0.264
451,nytimes,Sun Jan 14 23:00:27 +0000 2018,"In some countries, Facebook’s fiddling has magnified fake news https://t.co/Wve2NysTcL",-0.4767,0.0,0.744,0.256
452,nytimes,Sun Jan 14 22:33:02 +0000 2018,"Video: A plane trying to land in Turkey made a heart-stopping skid off a runway, ending up feet from the Black Sea https://t.co/AAIn0KNDLt",0.0,0.0,1.0,0.0
453,nytimes,Sun Jan 14 22:06:15 +0000 2018,"Jaguars 45, Steelers 42 | Divisional round: Jaguars Stun Steelers to Reach A.F.C. Championship Game https://t.co/Oib9KNWqS1",0.4588,0.235,0.765,0.0
454,nytimes,Sun Jan 14 22:00:23 +0000 2018,"In 1968, The Beatles trudged through dense forest to an ashram in India, where they spent weeks writing songs. The… https://t.co/4qS0piKNqA",0.0,0.0,1.0,0.0
455,nytimes,Sun Jan 14 21:45:50 +0000 2018,"""The risk of accidental nuclear war is not hypothetical — accidents have happened in the past, and humans will err… https://t.co/bdUCvziesG",-0.6529,0.078,0.633,0.289
456,nytimes,Sun Jan 14 21:28:39 +0000 2018,"""SNL"" took aim at ""Morning Joe,"" with Bill Murray as Stephen Bannon and Fred Armisen as Michael Wolff https://t.co/CEFnI9EeMJ",0.0,0.0,1.0,0.0
457,nytimes,Sun Jan 14 21:10:06 +0000 2018,"An unspectacular week at the box office led ""Jumanji: Welcome to the Jungle"" back to No. 1 https://t.co/X1g2x0lEiQ",0.2023,0.149,0.743,0.109
458,nytimes,Sun Jan 14 21:00:04 +0000 2018,"""It’s remarkable how well it has eased my twitchy phone checking."" A small group of people have turned their phone… https://t.co/VFsnM5ajbG",0.7845,0.317,0.683,0.0
459,nytimes,Sun Jan 14 20:43:04 +0000 2018,"He's being called ""frost boy."" But the image of an 8-year-old with icicles in his hair who trekked miles to school… https://t.co/jNM6ZqNlwb",0.0,0.0,1.0,0.0
460,nytimes,Sun Jan 14 20:30:11 +0000 2018,"RT @nytopinion: Immigrants are more likely to be fleeing dysfunctions and prejudices than they are to be bringing them, writes @BretStephen…",-0.4215,0.0,0.877,0.123
461,nytimes,Sun Jan 14 20:14:09 +0000 2018,"She left France to join Islamic militants in Syria, and now with the collapse of ISIS wants to return. But can she? https://t.co/IRd249fhaT",-0.25,0.083,0.795,0.121
462,nytimes,Sun Jan 14 20:00:28 +0000 2018,"DACA participants can again apply for renewal of protection, the U.S. immigration agency said https://t.co/jBcr0G8Lfa",0.0,0.0,1.0,0.0
463,nytimes,Sun Jan 14 19:47:04 +0000 2018,"The death toll in the mudslides that buried parts of Montecito in muck and boulders has risen to 20, officials said https://t.co/hL9kMaAtAT",-0.5994,0.0,0.843,0.157
464,nytimes,Sun Jan 14 19:31:03 +0000 2018,"""I 100% support the fight for fair pay and I'm donating the $1.5M to the Time's Up Legal Defense Fund in Michelle W… https://t.co/5yYYqjR0I7",0.4588,0.267,0.6,0.133
465,nytimes,Sun Jan 14 19:31:02 +0000 2018,"""I'm ready for crypto assets to go down 90 percent. I'll feel better then, I think. This has been too insane."" https://t.co/YKDQpv2e7j",0.7269,0.283,0.717,0.0
466,nytimes,Sun Jan 14 19:13:03 +0000 2018,Your Sunday playlist has arrived https://t.co/aW6xfGiPgg,0.0,0.0,1.0,0.0
467,nytimes,Sun Jan 14 19:00:21 +0000 2018,"""I love working out so much that I belong to two gyms."" How 50 Cent spends his Sundays: https://t.co/VIJ18SsKIY",0.6369,0.198,0.802,0.0
468,nytimes,Sun Jan 14 18:44:03 +0000 2018,"Investigators said that the Las Vegas gunman used anonymous communications devices, including a prepaid cellphone,… https://t.co/nafEGnB7fi",0.0,0.0,1.0,0.0
469,nytimes,Sun Jan 14 18:31:05 +0000 2018,What does the false missile alert in Hawaii tell us about these government-run warning systems? That they need majo… https://t.co/FTEqVxrEm5,-0.0516,0.097,0.796,0.106
470,nytimes,Sun Jan 14 18:20:08 +0000 2018,"President Trump has been known to refer to Ronna McDaniel as ""my Romney"" https://t.co/zyd9R2chkl",0.0,0.0,1.0,0.0
471,nytimes,Sun Jan 14 18:10:06 +0000 2018,"Chelsea Manning filed to run for Senate in Maryland, according to federal election filings https://t.co/sPlt4U5MJF",0.0,0.0,1.0,0.0
472,nytimes,Sun Jan 14 18:00:06 +0000 2018,"David Perdue said Dick Durbin's account of President Trump's language was a ""gross misrepresentation"" https://t.co/8EoPHPzzrz",-0.8555,0.0,0.539,0.461
473,nytimes,Sun Jan 14 17:45:09 +0000 2018,"A former Steeler's CTE diagnosis led to a $1 billion settlement for retired players, but a technicality has left hi… https://t.co/ezbbd4vUBE",0.0,0.0,1.0,0.0
474,nytimes,Sun Jan 14 17:30:24 +0000 2018,"""We fully felt like we were about to die. I drove to try to get to my kids even though I knew I probably wouldn't m… https://t.co/lpp0Sehj5O",-0.2782,0.097,0.767,0.136
475,nytimes,Sun Jan 14 17:15:04 +0000 2018,A group in northwestern Africa that is loyal to ISIS claimed responsibility for the attack in Niger that killed 4 A… https://t.co/ckgxpfDebz,-0.6705,0.112,0.614,0.274
476,nytimes,Sun Jan 14 17:00:24 +0000 2018,Opinion: Is there life after liberalism? https://t.co/L4DBqnbECw,0.0,0.0,1.0,0.0
477,nytimes,Sun Jan 14 16:46:04 +0000 2018,"The first time cutting season came around, Nice Leng’ete and her sister ran away and hid in a tree. The second time… https://t.co/eUlj16WnT4",0.2263,0.113,0.769,0.117
478,nytimes,Sun Jan 14 16:40:07 +0000 2018,"""I'm running,"" Mitt Romney says privately, but as a Trump friend or foe? https://t.co/PMBo6AWzYv",0.1154,0.225,0.574,0.201
479,nytimes,Sun Jan 14 16:31:03 +0000 2018,President Trump accused The Wall Street Journal of purposely misquoting him. The Journal responded by posting an au… https://t.co/pcKo0BO4Fv,-0.296,0.0,0.891,0.109
480,nytimes,Sun Jan 14 16:15:14 +0000 2018,"""We swerved all of a sudden. The front of the plane crashed and the back was in the air. Everyone panicked."" https://t.co/XWkKBlsktK",0.0,0.0,1.0,0.0
481,nytimes,Sun Jan 14 16:00:19 +0000 2018,Afghan officials said that meetings were underway in Turkey between their government and representatives of the Tal… https://t.co/fjfszdHUH1,0.0,0.0,1.0,0.0
482,nytimes,Sun Jan 14 15:45:09 +0000 2018,"""SNL"" took aim at ""Morning Joe,"" with Bill Murray as Stephen Bannon and Fred Armisen as Michael Wolff https://t.co/B6E1qzAffx",0.0,0.0,1.0,0.0
483,nytimes,Sun Jan 14 15:30:14 +0000 2018,"""The risk of accidental nuclear war is not hypothetical — accidents have happened in the past, and humans will err… https://t.co/AXGCDpnjeV",-0.6529,0.078,0.633,0.289
484,nytimes,Sun Jan 14 15:15:07 +0000 2018,Dolphins show self-recognition earlier than children https://t.co/JhRYEGnz87,0.0,0.0,1.0,0.0
485,nytimes,Sun Jan 14 15:00:18 +0000 2018,"""I 100% support the fight for fair pay and I'm donating the $1.5M to the Time's Up Legal Defense Fund in Michelle W… https://t.co/uHWv6Hkrdt",0.4588,0.267,0.6,0.133
486,nytimes,Sun Jan 14 14:46:02 +0000 2018,"A new 3-D videomicroscope gives surgeons ""Superman eyes"" and helps them perform and teach delicate brain operations https://t.co/L8mfsQ1cO9",0.4215,0.202,0.798,0.0
487,nytimes,Sun Jan 14 14:33:01 +0000 2018,"Opinion: ""Hillary Clinton, the first woman who had a real shot at the presidency, has finally set off a national aw… https://t.co/m0rzwUxudL",0.0,0.0,1.0,0.0
488,nytimes,Sun Jan 14 14:15:02 +0000 2018,"""This system failed miserably and we need to start over,"" Senator Brian Schatz of Hawaii said https://t.co/xob5P1wRjW",-0.7506,0.0,0.701,0.299
489,nytimes,Sun Jan 14 14:00:13 +0000 2018,"An Iranian oil tanker that collided with another vessel in the East China Sea sank on Sunday, the Chinese Ministry… https://t.co/bJpAUGa73F",0.0,0.0,1.0,0.0
490,nytimes,Sun Jan 14 13:49:03 +0000 2018,"RT @nytimesworld: In 2016, this is how @Pontifex explained his prolonged absence from his homeland: “The world is bigger than Argentina.” h…",0.0,0.0,1.0,0.0
491,nytimes,Sun Jan 14 13:36:04 +0000 2018,"""You can't look down to read the speech, you have to take the speech up. Because if you did your neck would break.""… https://t.co/O4GoxcSM7I",0.0,0.0,1.0,0.0
492,nytimes,Sun Jan 14 13:15:07 +0000 2018,"Opinion: Martin Luther King Jr.’s assassination, on April 4, 1968, played a direct role in Franklin’s creation. And… https://t.co/4clKD7Kg2c",-0.1027,0.192,0.641,0.167
493,nytimes,Sun Jan 14 13:09:09 +0000 2018,Op-Ed Columnist: Is There Life After Liberalism? https://t.co/hJDH8Ansf8,0.0,0.0,1.0,0.0
494,nytimes,Sun Jan 14 13:00:22 +0000 2018,He was badly wounded during last summer’s attack on the Republican congressional baseball team. Nearly every hour b… https://t.co/Ksv6E3SmWg,-0.7351,0.0,0.733,0.267
495,nytimes,Sun Jan 14 12:45:04 +0000 2018,"The first time cutting season came around, Nice Leng’ete and her sister ran away and hid in a tree. The second time… https://t.co/oplchBjO54",0.2263,0.113,0.769,0.117
496,nytimes,Sun Jan 14 12:30:06 +0000 2018,She even stopped using her full name — Ronna Romney McDaniel — professionally after President Trump joked with her… https://t.co/i6z4geQCau,0.1027,0.114,0.792,0.094
497,nytimes,Sun Jan 14 12:15:03 +0000 2018,"The Trump administration is set to shrink Bears Ears by 85% next month, potentially opening more than a million acr… https://t.co/DcGoDxSCIi",0.0,0.0,1.0,0.0
498,nytimes,Sun Jan 14 12:00:10 +0000 2018,"In 2017, extreme weather events caused a total of $306 billion in damage in the U.S. https://t.co/dkn2lk4gE4",-0.4939,0.0,0.824,0.176
499,nytimes,Sun Jan 14 11:30:16 +0000 2018,For decades the E train in NYC has been one of the lines most used by homeless people to sleep because it stays und… https://t.co/27xDD6sCiU,0.0,0.0,1.0,0.0
